{"status": "ok", "totalResults": 2947, "articles": [{"source": {"id": "business-insider", "name": "Business Insider"}, "author": "Phil Rosen", "title": "Here are the biggest risks to markets and the economy from the Fed's higher-for-longer regime, according to Goldmans Sachs", "description": "Strategists warned tight policy will curb economic growth, rattle stocks, and fuel pain for corporations that had grown accustom to easy money.", "url": "https://markets.businessinsider.com/news/stocks/stock-market-outlook-goldman-sachs-economy-risks-fed-policy-rates-2023-10", "urlToImage": "https://i.insider.com/65241ec86e038039826d5372?width=1200&format=jpeg", "publishedAt": "2023-10-09T15:31:34Z", "content": "Reuters\r\n<ul>\n<li>Goldman Sachs warned the Fed's higher-for-longer rate regime will weigh on the economy and markets.</li>\n<li>The main implication is a prolonged drag on GDP, strategists said.\u00a0</li>\u2026 [+3581 chars]"}, {"source": {"id": "business-insider", "name": "Business Insider"}, "author": "Joseph Wilkins", "title": "Stephanie Pomboy sounds the alarm on corporate bankruptcies, warning it could herald financial catastrophe", "description": "Many expert \"still fail to connect the dots\" on corporate bankruptcies, Pomboy said. \"If they did, they'd be calling for a fiscal & monetary response that makes 2008-9 look like peanuts,\" she added.", "url": "https://www.businessinsider.com/us-corporate-bankruptcies-sign-of-financial-catastrophe-stephanie-pomboy-2023-9", "urlToImage": "https://i.insider.com/65004618db12d30019064bfa?width=1200&format=jpeg", "publishedAt": "2023-09-12T13:42:01Z", "content": "John Lamparski/Getty Images\r\n<ul>\n<li>Stephanie Pomboy has warned of the economic risks signaled by rising corporate bankruptcies in the US.</li>\n<li>First-half US corporate bankruptcies surged to th\u2026 [+2149 chars]"}, {"source": {"id": "business-insider", "name": "Business Insider"}, "author": "Jennifer Sor", "title": "The US debt situation looks 'unsustainable,' and corporate defaults are rising, IMF warns", "description": "\"Under unchanged policies, debt dynamics in the US are very unfavorable,\" according to the International Monetary Fund.", "url": "https://markets.businessinsider.com/news/bonds/us-debt-crisis-government-spending-unsustainable-defaults-interest-rates-imf-2023-10", "urlToImage": "https://i.insider.com/54692dafeab8eab34d7efd8c?width=1200&format=jpeg", "publishedAt": "2023-10-11T16:00:48Z", "content": "The government has already racked up a $1.5 trillion deficit in the first 11 months of the fiscal year, per the Brookings Institution.Getty Images\r\n<ul>\n<li>The US's $33 trillion debt pile is reflect\u2026 [+2881 chars]"}, {"source": {"id": "business-insider", "name": "Business Insider"}, "author": "Filip De Mott", "title": "US debt risks a 'slow-motion collision' with the fight against inflation, Goldman Sachs says", "description": "\"This suggests the US and UK are the most obvious candidates for a duration risk premium repricing.\"", "url": "https://markets.businessinsider.com/news/bonds/us-debt-inflation-deficit-growth-fed-rate-hikes-quantitative-tightening-2023-9", "urlToImage": "https://i.insider.com/65020ae7992da60019ebbffb?width=1200&format=jpeg", "publishedAt": "2023-09-13T20:11:41Z", "content": "Federal Reserve Chairman Jerome Powell and Treasury Secretary Janet Yellen participate in a meeting of the Financial Stability Oversight Council.Kevin Dietsch/Getty Images\r\n<ul>\n<li>Efforts to bring \u2026 [+2255 chars]"}, {"source": {"id": "business-insider", "name": "Business Insider"}, "author": "Joseph Wilkins", "title": "Treasury yields highest since 2007 after US debt hits a record $33 trillion", "description": "The Treasury Department cited tax cuts, coronavirus stimulus packages and lower tax revenues as contributing factors in the debt spike.", "url": "https://markets.businessinsider.com/news/bonds/treasury-yields-jump-us-debt-hits-record-33-trillion-2023-9", "urlToImage": "https://i.insider.com/650ad09d12dc4f001a170f71?width=1200&format=jpeg", "publishedAt": "2023-09-20T13:27:05Z", "content": "Treasury yields are at a 16-year high.Moe Zoyari/Bloomberg\r\n<ul>\n<li>US national debt has ballooned to $33 trillion for the first time.</li>\n<li>The federal government could face another shutdown by \u2026 [+1694 chars]"}, {"source": {"id": "business-insider", "name": "Business Insider"}, "author": "Phil Rosen", "title": "Fiscal excess, the power of Main Street, and US 'debasement': Here are the themes BofA says will dominate markets for the rest of this decade", "description": "Strategists pointed to the end of easy money, more money flowing to Main Street, commodities gaining over stocks, and more.", "url": "https://markets.businessinsider.com/news/stocks/stock-market-investment-themes-war-inflation-monetary-fiscal-policy-rates-2023-9", "urlToImage": "https://i.insider.com/6517216a846a2f0019a11575?width=1200&format=jpeg", "publishedAt": "2023-10-01T12:30:01Z", "content": "Earth from space as seen by Apollo 8 astronauts.NASA\r\n<ul>\n<li>The era of easy money is over, and new trends will dominate global markets in the coming years.\u00a0</li>\n<li>Bank of America strategists li\u2026 [+4320 chars]"}, {"source": {"id": "business-insider", "name": "Business Insider"}, "author": "Joseph Wilkins", "title": "The stock market bull run is in its 'twilight', Fidelity's global macro head says", "description": "\"If long yields keep climbing, it will leave a mark on valuations, per the discounted cash flow model (DCF), regardless of earnings. It all suggests that the secular bull market for equities is in its twilight,\" Jurrien Timmer said.", "url": "https://markets.businessinsider.com/news/stocks/stock-market-bull-run-in-twilight-fidelity-global-macro-head-2023-9", "urlToImage": "https://i.insider.com/6501ca991afe8f0019e98956?width=1200&format=jpeg", "publishedAt": "2023-09-14T10:01:14Z", "content": "Richard Vogel/AP\r\n<ul>\n<li>Despite a flat start to September, the S&P 500 index is still boasting impressive year-to-date gains.</li>\n<li>The benchmark stock-market gauge is up by over 16% so far in \u2026 [+2216 chars]"}, {"source": {"id": null, "name": "Slashdot.org"}, "author": "msmash", "title": "How a Thinktank Got the Cost of Net Zero for the UK Wildly Wrong", "description": "An anonymous reader shares a report: Imagine demanding an \"honest\" debate over the cost of net zero in a report full of errors that even a schoolboy would be embarrassed about. Then imagine getting coverage of your report in the Sun, Times, Daily Mail, Daily \u2026", "url": "https://science.slashdot.org/story/23/09/29/1632223/how-a-thinktank-got-the-cost-of-net-zero-for-the-uk-wildly-wrong", "urlToImage": "https://a.fsdn.com/sd/topics/earth_64.png", "publishedAt": "2023-09-29T18:00:00Z", "content": "Imagine demanding an \"honest\" debate over the cost of net zero in a report full of errors that even a schoolboy would be embarrassed about. Then imagine getting coverage of your report in the Sun, Ti\u2026 [+1840 chars]"}, {"source": {"id": null, "name": "The New Yorker"}, "author": "Isaac Chotiner", "title": "Why So Many Migrants Are Coming to New York", "description": "Isaac Chotiner interviews Muzaffar Chishti, an immigration-policy expert, on the recent influx of migrants in New York City.", "url": "https://www.newyorker.com/news/q-and-a/why-so-many-migrants-are-coming-to-new-york", "urlToImage": "https://media.newyorker.com/photos/650232b7f7614bb9cc793a3d/16:9/w_1280,c_limit/Chotiner-%20Q%20&%20A%20Muzaffar%20Chishti.jpg", "publishedAt": "2023-09-15T14:52:14Z", "content": "Last week, Mayor Eric Adams told a roomful of people that the recent influx of migrants will destroy New York City. More than a hundred and ten thousand have arrived in the city in recent months, and\u2026 [+7955 chars]"}, {"source": {"id": "business-insider", "name": "Business Insider"}, "author": "Filip De Mott", "title": "Global debt hit an all time high of $307 trillion in the first half of 2023 - and developed economies like the US are piling it up at a faster pace", "description": "Global debt levels reached a new record this year, while debt-to-GDP ratios are on the rise again, the Institute of International Finance reported.", "url": "https://markets.businessinsider.com/news/currencies/global-debt-record-trillion-developed-economies-gdp-us-banks-iif-2023-9", "urlToImage": "https://i.insider.com/6509e465bf943d00195bc09a?width=1200&format=jpeg", "publishedAt": "2023-09-20T12:44:40Z", "content": "Getty Images\r\n<ul>\n<li>Global debt hit an all-time high of $307 trillion in the first half of 2023, the Institute of International Finance reported.</li>\n<li>Global debt-to-GDP has resumed an upward \u2026 [+2215 chars]"}, {"source": {"id": "business-insider", "name": "Business Insider"}, "author": "Paul Iddon", "title": "NATO's 2 least-friendly members have a history of aerial showdowns, and they're both about to get new stealth jets", "description": "Greek and Turkish jets often tangle with each other over the Aegean, and both sides could soon have much better jets to do it with.", "url": "https://www.businessinsider.com/nato-greece-turkey-plan-to-get-new-stealth-fighter-jets-2023-9", "urlToImage": "https://i.insider.com/6500a18c7cfadd001913c453?width=1200&format=jpeg", "publishedAt": "2023-09-12T21:47:01Z", "content": "Turkish President Recep Tayyip Erdogan in a TF KAAN during a ceremony in Ankara on May 1.Mehmet Kaman/Anadolu Agency via Getty Images\r\n<ul>\n<li>Greece and Turkey both plan to roll out new stealth jet\u2026 [+5965 chars]"}, {"source": {"id": "business-insider", "name": "Business Insider"}, "author": "Associated Press", "title": "A government shutdown would be a 'gut punch' to Head Start programs that serve 10,000 low income children", "description": "Lawmakers have until Saturday at midnight to make a deal and avoid a shutdown, which would immediately cease federal funds to Head Start programs.", "url": "https://www.businessinsider.com/shutdown-would-gut-punch-childrens-head-start-programs-2023-9", "urlToImage": "https://i.insider.com/651848975640b20019d791a2?width=1200&format=jpeg", "publishedAt": "2023-09-30T16:42:57Z", "content": "Alliance for Community Empowerment, Director of Early Learning Tanya Lloyd, right, interacts with a child in the Head Start program, Thursday, Sept. 28, 2023, in Bridgeport, Connecticut.Jessica Hill/\u2026 [+5738 chars]"}, {"source": {"id": null, "name": "NPR"}, "author": "Julie Rovner", "title": "What happens to health programs if the federal government shuts down?", "description": "Medicare and Medicaid are mandatory spending programs and that keeps them relatively safe in the early days of the shutdown, but 42% of the Department of Health's staff will be furloughed.", "url": "https://www.npr.org/sections/health-shots/2023/09/27/1201996321/what-happens-to-health-programs-if-the-federal-government-shuts-down", "urlToImage": "https://media.npr.org/assets/img/2023/09/27/gettyimages-1690904698_wide-e931687b7fff0521da5404987949d6771dc42356-s1400-c100.jpg", "publishedAt": "2023-09-27T15:10:03Z", "content": "Rep. Matt Gaetz (R-FL) and other members of the right-wing House Freedom Caucus could force a federal government shutdown Oct. 1. The National Institutes of Health and the Centers for Disease Control\u2026 [+8045 chars]"}, {"source": {"id": "business-insider", "name": "Business Insider"}, "author": "Jennifer Sor", "title": "Inflation could come roaring back 1970s-style. Here are 4 reasons why markets should be concerned, according to Deutsche Bank.", "description": "The US economy is still at risk of inflation expectations spiraling out of control, Deutsche Bank warned.", "url": "https://www.businessinsider.com/inflation-us-economic-outlook-fed-interest-rates-stagflation-recession-deutsche-2023-10", "urlToImage": "https://i.insider.com/6525504a6561dd877e75cadd?width=1200&format=jpeg", "publishedAt": "2023-10-10T16:20:03Z", "content": "It's too early for the Fed to declare victory on inflation, Deutsche Bank warned.Thomson Reuters\r\n<ul>\n<li>There is still a risk inflation expectations spiral out of control, Deutsche Bank warned.</l\u2026 [+3822 chars]"}, {"source": {"id": "business-insider", "name": "Business Insider"}, "author": "Zahra Tayeb", "title": "Wall Street is turning cautious on US stocks, while some experts warn of pain ahead. Here's what JPMorgan, Jeremy Grantham and others have said.", "description": "Wall Street banks are turning more defensive with their stock-market strategies, while some experts have warned investors to brace for pain.", "url": "https://markets.businessinsider.com/news/stocks/stock-market-outlook-jpmorgan-grantham-griffin-warn-pain-ahead-2023-9", "urlToImage": "https://i.insider.com/640f546aa3b2a10018b2b2f1?width=1200&format=jpeg", "publishedAt": "2023-09-17T09:00:01Z", "content": "TIMOTHY A. CLARY / Getty\r\n<ul>\n<li>Investors are turning increasingly wary of what the end of 2023 brings for stocks and the US economy.\u00a0</li>\n<li>Wall Street banks including JPMorgan and Bank of Ame\u2026 [+4470 chars]"}, {"source": {"id": null, "name": "NPR"}, "author": "Megan Pratz", "title": "Who is Rep. Patrick McHenry and why is he the interim House speaker?", "description": "McHenry, the bespectacled and bow-tied gentleman from North Carolina, is in the spotlight as the speaker pro tempore, the reluctant leader of a paralyzed House of Representatives.", "url": "https://www.npr.org/2023/10/04/1203625399/patrick-mchenry-interim-speaker-kevin-mccarthy-house", "urlToImage": "https://media.npr.org/assets/img/2023/10/04/gettyimages-1717075831_wide-0b7f0b20271f3bae747aaaba47bdc817711546dd-s1400-c100.jpg", "publishedAt": "2023-10-04T18:59:10Z", "content": "House speaker pro tempore Patrick McHenry (center) walks out of the offices of former Speaker of the House Kevin McCarthy on Wednesday. The process is underway to replace McCarthy after he was ousted\u2026 [+4029 chars]"}, {"source": {"id": "abc-news", "name": "ABC News"}, "author": "Kiara Alfonseca", "title": "Overhaul of K-12 schooling becomes a flashpoint in Ohio", "description": "Ohio's K-12 education system has become the center of a legal battle between lawmakers and members of the State Board of Education.", "url": "https://abcnews.go.com/US/overhaul-12-education-center-lawsuit-ohio/story?id=103655330", "urlToImage": "https://i.abcnewsfe.com/a/a484d883-d163-4253-ba4d-58594dff4d9a/dewine-ap-er-231002_1696265475141_hpMain_16x9.jpg?w=992", "publishedAt": "2023-10-03T18:57:32Z", "content": "Ohio's K-12 education system has become the center of a legal battle between lawmakers and members of the State Board of Education.\r\nOhio Gov. Mike DeWine passed HB 33 in July as part of the state's \u2026 [+3824 chars]"}, {"source": {"id": null, "name": "Bloomberglinea.com"}, "author": "Patrick Gillespie", "title": "Argentina's Senate Approves Bill to Eliminate Income Tax", "description": "The upper house approved the legislation late Thursday advocated by Economy Minister and presidential candidate Sergio Massa", "url": "https://www.bloomberglinea.com/english/argentinas-senate-approves-bill-to-eliminate-income-tax/", "urlToImage": "https://www.bloomberglinea.com/resizer/pmaZ-1MBpRkn9cETvoD9-9Tej10=/1024x0/filters:format(webp):quality(75)/cloudfront-us-east-1.images.arcpublishing.com/bloomberglinea/D6YK5OOBS4FI2SWBKC6QGIFWBA.jpg", "publishedAt": "2023-10-09T16:26:45Z", "content": "Bloomberg \u2014 Argentinas upper house of congress approved a bill late Thursday that will eliminate income taxes for almost all formal workers, a measure poised to put more pressure on a ballooning fisc\u2026 [+1675 chars]"}, {"source": {"id": "business-insider", "name": "Business Insider"}, "author": "Filip De Mott", "title": "Argentina can dollarize without dollars, says economist who made the switch before", "description": "\"For Milei's plan to work, he needs nothing,\" Francisco Zalles said, referring to Argentina's presidential frontrunner. \"He just needs to dollarize.\"", "url": "https://markets.businessinsider.com/news/currencies/argentina-dollarization-peso-dollars-economist-presidential-javier-milei-recession-inflation-2023-9", "urlToImage": "https://i.insider.com/6501dc841afe8f0019e99dc3?width=1200&format=jpeg", "publishedAt": "2023-09-13T18:06:44Z", "content": "AGUSTIN MARCARIAN/Reuters\r\n<ul>\n<li>Argentina's dollar scarcity shouldn't stop it from dollarizing, Francisco Zalles told Bloomberg.</li>\n<li>The economist previously helped Ecuador dollarize in 2000\u2026 [+2850 chars]"}, {"source": {"id": "business-insider", "name": "Business Insider"}, "author": "Filip De Mott", "title": "The market's heaviest hitters are sounding the alarm on US debt", "description": "\"I'm not saying get out. I'm just saying that assets have to go up or else the economy will not do well,\" Bill Gross said.", "url": "https://markets.businessinsider.com/news/bonds/us-debt-ray-dalio-bill-gross-jeffrey-gundlach-bond-market-2023-9", "urlToImage": "https://i.insider.com/65047d29956dba001ace7b4e?width=1200&format=jpeg", "publishedAt": "2023-09-16T12:30:01Z", "content": "Bridgewater founder Ray Dalio.Brendan McDermid/File Photo/Reuters\r\n<ul>\n<li>Three market experts have cited concern that growing US debt will send interest rates up.</li>\n<li>Ray Dalio and Bill Gross\u2026 [+3568 chars]"}, {"source": {"id": null, "name": "Yahoo Entertainment"}, "author": "David Randall and Dhara Ranasinghe", "title": "Full US government shutdown likely, could impact Fed -PIMCO", "description": "A full, lengthy shutdown of the U.S. government is \"likely\" at the end of the month and could leave the Federal Reserve reluctant to raise interest rates in ...", "url": "https://ca.finance.yahoo.com/news/full-us-government-shutdown-likely-155245776.html", "urlToImage": "https://media.zenfs.com/en/reuters.com/ffba8f6f9ad86a63fa5f716a2330eafa", "publishedAt": "2023-09-19T15:52:45Z", "content": "By David Randall and Dhara Ranasinghe\r\nNEW YORK (Reuters) - A full, lengthy shutdown of the U.S. government is \"likely\" at the end of the month and could leave the Federal Reserve reluctant to raise \u2026 [+2650 chars]"}, {"source": {"id": "abc-news", "name": "ABC News"}, "author": "Kelly McCarthy", "title": "Uber Eats to accept SNAP benefits for groceries following announcement from Instacart", "description": "Grocers and shoppers who rely on the Supplemental Nutrition Assistance Program, or SNAP, will soon be able to access benefits using more online grocery services.", "url": "https://abcnews.go.com/GMA/Food/uber-eats-accept-snap-benefits-groceries-announcement-instacart/story?id=103461506", "urlToImage": "https://i.abcnewsfe.com/a/854c2764-8426-49ad-9e4f-3993a200b074/snap-ebt-grocery-store-thg-gty-230925_1695665492141_hpMain_16x9.jpg?w=992", "publishedAt": "2023-09-25T20:35:14Z", "content": "Shoppers who rely on the Supplemental Nutrition Assistance Program, or SNAP, a federal program to provide food benefits to low-income households, will soon have even easier options for online grocery\u2026 [+1889 chars]"}, {"source": {"id": "al-jazeera-english", "name": "Al Jazeera English"}, "author": "Al Jazeera", "title": "A US gov\u2019t shutdown could negatively affect its credit, Moody\u2019s warns", "description": "A shutdown is possible if Congress fails to provide funding for the fiscal year starting October 1.", "url": "https://www.aljazeera.com/economy/2023/9/25/a-us-govt-shutdown-could-negatively-affect-its-credit-moodys-warns", "urlToImage": "https://www.aljazeera.com/wp-content/uploads/2023/09/AP23255661376430-1694746749.jpg?resize=1920%2C1440", "publishedAt": "2023-09-25T22:18:20Z", "content": "A US government shutdown would negatively affect the countrys credit, credit rating agency Moodys has warned, one month after Fitch downgraded the United States by one notch on the back of a debt cei\u2026 [+3006 chars]"}, {"source": {"id": null, "name": "Project Syndicate"}, "author": "Yu Yongding", "title": "China\u2019s Policy-Induced Slowdown", "description": "While there is little doubt that the era of sustained double-digit growth is over, China is well positioned to achieve a significantly higher growth rate than most developed economies in the foreseeable future. The key to success lies in macroeconomic policy.", "url": "https://www.project-syndicate.org/commentary/china-growth-slowdown-reversible-monetary-fiscal-expansion-by-yu-yongding-2023-10", "urlToImage": "https://webapi.project-syndicate.org/library/e432c137e5373c39882cf9d2f2666a79.2-1-super.1.jpg", "publishedAt": "2023-10-03T14:07:23Z", "content": "While there is little doubt that the era of sustained double-digit growth is over, China is well positioned to achieve a significantly higher growth rate than most developed economies in the foreseea\u2026 [+6051 chars]"}, {"source": {"id": null, "name": "Project Syndicate"}, "author": "PS Commentators", "title": "Industrial Policy Is Back", "description": "From semiconductors to electric vehicles, governments are identifying the strategic industries of the future and intervening to support them \u2013 abandoning decades of neoliberal orthodoxy in the process. Are industrial policies the key to tackling twenty-first-\u2026", "url": "https://www.project-syndicate.org/onpoint/industrial-policy-is-back", "urlToImage": "https://webapi.project-syndicate.org/library/133f1eadbc33b89aeba1dd21df21eb98.2-1-super.1.jpg", "publishedAt": "2023-09-28T12:50:00Z", "content": "MILAN The European Union, like much of the rest of the world, is facing powerful economic headwinds. But whereas other major economies, such as China and the United States, are well-positioned to use\u2026 [+5681 chars]"}, {"source": {"id": null, "name": "Project Syndicate"}, "author": "Michael Spence", "title": "Europe in the Age of Industrial Policy", "description": "While China and the US take advantage of scale to pursue large-scale investment in critical sectors, the EU struggles to follow suit, owing to its decentralized fiscal structures and rules limiting government subsidies to industry. A new EU-level investment p\u2026", "url": "https://www.project-syndicate.org/commentary/europe-industrial-policy-federal-investment-critical-sectors-high-tech-industries-by-michael-spence-2023-09", "urlToImage": "https://webapi.project-syndicate.org/library/cf0e28e9334f53f11e65bfaa3db7de73.2-1-super.1.jpg", "publishedAt": "2023-09-26T08:40:45Z", "content": "While China and the US take advantage of scale to pursue large-scale investment in critical sectors, the EU struggles to follow suit, owing to its decentralized fiscal structures and rules limiting g\u2026 [+6586 chars]"}, {"source": {"id": null, "name": "AppleInsider"}, "author": "news@appleinsider.com (Mike Wuerthele)", "title": "There is no official iPhone 15 sales ban in China, regulator confirms", "description": "A week after drama started surrounding a rumored iPhone sales ban in China, the country has now made an official statement denying that there is one in place \u2014 but device security may be an issue.Less than a week after a vague statement by China's foreign min\u2026", "url": "https://appleinsider.com/articles/23/09/13/there-is-no-official-iphone-15-sales-ban-in-china-regulator-confirms", "urlToImage": "https://photos5.appleinsider.com/gallery/50649-99772-iphone-14-and-plus-xl.jpg", "publishedAt": "2023-09-13T10:56:26Z", "content": "A week after drama started surrounding a rumored iPhone sales ban in China, the country has now made an official statement denying that there is one in place \u2014 but device security may be an issue.\r\nL\u2026 [+2362 chars]"}, {"source": {"id": null, "name": "Biztoc.com"}, "author": "aol.com", "title": "This generation of politicians has killed fiscal responsibility", "description": "America\u2019s fixation on short-term fiscal policy is shortsighted\u2013and it has serious generational consequences. For several decades, one of the most glaring defects in American fiscal policy has been its narrow focus on what is politically popular at the moment.\u2026", "url": "https://biztoc.com/x/2ffa4116c504301f", "urlToImage": "https://c.biztoc.com/p/2ffa4116c504301f/s.webp", "publishedAt": "2023-09-21T19:36:06Z", "content": "Americas fixation on short-term fiscal policy is shortsightedand it has serious generational consequences. For several decades, one of the most glaring defects in American fiscal policy has been its \u2026 [+302 chars]"}, {"source": {"id": "al-jazeera-english", "name": "Al Jazeera English"}, "author": "Al Jazeera", "title": "Biden administration to extend US border wall, begin Venezuela deportations", "description": "President Joe Biden's government to carry forward a signature policy of former President Donald Trump.", "url": "https://www.aljazeera.com/news/2023/10/6/biden-administration-to-extend-us-border-wall-begin-venezuela-deportations", "urlToImage": "https://www.aljazeera.com/wp-content/uploads/2023/10/2023-02-09T000000Z_1094005763_RC2X7Z912UFB_RTRMADP_3_USA-IMMIGRATION-MEXICO-1696576081.jpg?resize=1920%2C1440", "publishedAt": "2023-10-06T09:31:10Z", "content": "The administration of US President Joe Biden will resume deporting Venezuelan migrants, and add sections to the southern border wall, carrying forward a signature policy of former President Donald Tr\u2026 [+3849 chars]"}, {"source": {"id": "time", "name": "Time"}, "author": "Nik Popli", "title": "Kevin McCarthy\u2019s Shutdown Dilemma", "description": "He can either shut down the government and possibly save his standing with the GOP hardliners threatening to oust him, or work with Democrats to pass a short-term spending bill and avert a government shutdown\u2014potentially at the expense of his own speakership.", "url": "https://time.com/6317751/kevin-mccarthy-government-shutdown-politics-decision/", "urlToImage": "https://api.time.com/wp-content/uploads/2023/09/GettyImages-1690608144.jpg?quality=85", "publishedAt": "2023-09-26T20:17:28Z", "content": "With just five days to go until the government shuts down without a spending deal, House Speaker Kevin McCarthy is at a crossroads.\r\nHe can either shut down the government and possibly save his stand\u2026 [+7870 chars]"}, {"source": {"id": null, "name": "The Indian Express"}, "author": "Express News Service", "title": "Only govt vends for now as Delhi excise policy is extended for 6 more months", "description": "The proposal for extension of Excise policy was moved to Chief Minister Arvind Kejriwal on Monday and then sent to the Lieutenant Governor for further approval. Officials said that the LG approved the policy and wrote \"seen\" on the file.", "url": "https://indianexpress.com/article/cities/delhi/only-govt-vends-for-now-as-delhi-excise-policy-is-extended-for-6-more-months-8960929/", "urlToImage": "https://images.indianexpress.com/2023/09/delhi-liquor-crowd-4col.jpg", "publishedAt": "2023-09-29T00:15:16Z", "content": "The Delhi government has extended the existing Excise Policy for another six months. The department will issue an official notification by Friday, asking the licensees to renew their licenses on pro-\u2026 [+915 chars]"}, {"source": {"id": null, "name": "Theregister.com"}, "author": "Simon Sharwood", "title": "BlackBerry to split into two companies, foraging for tastier fare for shareholders", "description": "Hopes to float IoT biz and keep infosec ops, then make a second pressing\nBlackberry has decided to split into two companies.\u2026", "url": "https://www.theregister.com/2023/10/05/blackberry_split_plan/", "urlToImage": "https://regmedia.co.uk/2016/07/25/blackberry.jpg", "publishedAt": "2023-10-05T03:58:05Z", "content": "Blackberry has decided to split into two companies.\r\nThe former mobile email monarch commenced a strategic review in May 2023, under the modest name \"Project Imperium.\" At the time, CEO John Chen sai\u2026 [+2285 chars]"}, {"source": {"id": "abc-news", "name": "ABC News"}, "author": "VALERIE GONZALEZ Associated Press", "title": "Biden administration waives 26 federal laws to allow border wall construction", "description": "The Department of Homeland Security announced that the Biden administration leveraged sweeping executive power to waive 26 federal laws in South Texas", "url": "https://abcnews.go.com/US/wireStory/biden-administration-waives-26-federal-laws-border-wall-103738662", "urlToImage": "https://s.abcnews.com/images/US/abc_news_default_2000x2000_update_16x9_992.jpg", "publishedAt": "2023-10-04T23:26:04Z", "content": "McALLEN, Texas -- The Biden administration announced they waived 26 federal laws in South Texas to allow border wall construction on Wednesday, marking the administrations first use of a sweeping exe\u2026 [+4130 chars]"}, {"source": {"id": null, "name": "Project Syndicate"}, "author": "Lucrezia Reichlin", "title": "The EU Needs Fiscal Union", "description": "The European Union\u2019s need for closer fiscal union and cohesion in tackling looming challenges is now widely recognized. But until policymakers follow through with reforms to bring about these outcomes, EU fiscal and monetary policies will continue to do harm,\u2026", "url": "https://www.project-syndicate.org/commentary/european-commission-reform-fiscal-rules-union-by-lucrezia-reichlin-2023-09", "urlToImage": "https://webapi.project-syndicate.org/library/7c68e42e61a7811c85ef96a7c50fdea3.2-1-super.1.jpg", "publishedAt": "2023-09-25T13:12:20Z", "content": "The European Unions need for closer fiscal union and cohesion in tackling looming challenges is now widely recognized. But until policymakers follow through with reforms to bring about these outcomes\u2026 [+5391 chars]"}, {"source": {"id": null, "name": "MarketWatch"}, "author": "Frances Yue", "title": "Market Extra: This credit gauge shows investors still have risk appetite, despite recession fears", "description": "Investors in U.S. corporate bonds are betting on resilience for the U.S. economy, despite the Federal Reserve indicating borrower costs could stay high in 2024.", "url": "https://www.marketwatch.com/story/this-credit-gauge-shows-investors-still-have-risk-appetite-despite-recession-fears-2a23079f", "urlToImage": "https://images.mktw.net/im-856191/social", "publishedAt": "2023-09-22T11:30:00Z", "content": "A closely watched credit-market gauge shows that investors still have appetite for risk, despite fears of a recession and the possibility that the Federal Reserve may raise its benchmark interest rat\u2026 [+4834 chars]"}, {"source": {"id": "cnn", "name": "CNN"}, "author": null, "title": "Washington is quickly hurtling toward a debt crisis", "description": "Congressional spenders\u00a0have offered nothing by way of\u00a0a backup plan in case higher interest rates hit the soaring national debt, writes Brian Riedl.", "url": "https://www.cnn.com/2023/09/29/opinions/federal-debt-interest-rates-riedl/index.html", "urlToImage": "https://media.cnn.com/api/v1/images/stellar/prod/230929141405-debt-crisis-2023.jpg?c=16x9&q=w_800,c_fill", "publishedAt": "2023-10-03T00:49:34Z", "content": "Editors Note: Brian Riedl is a senior fellow at the Manhattan Institute. Follow him on twitter @Brian_Riedl. The opinions expressed in this commentary are his own. View\u00a0more opinion\u00a0on CNN.\r\nOn Monda\u2026 [+5637 chars]"}, {"source": {"id": "time", "name": "Time"}, "author": "Solcyre Burga", "title": "Congress Avoided a Government Shutdown\u2014What Happens Next?", "description": "Now that a government shutdown has been avoided, what will happen next? Here's what you need to know.", "url": "https://time.com/6319364/congress-government-shutdown-avoided-what-happens-next/", "urlToImage": "https://api.time.com/wp-content/uploads/2019/11/congress-2.jpg?quality=85", "publishedAt": "2023-10-01T18:42:08Z", "content": "Congress averted a shutdown on Saturday by mere hours, passing a measure that extends government funding for the next 45 days. The newly-passed stopgap bill funds the government at the current $1.6 t\u2026 [+5860 chars]"}, {"source": {"id": null, "name": "Forbes"}, "author": "Howard Gleckman, Senior Contributor, \n Howard Gleckman, Senior Contributor\n https://www.forbes.com/sites/howardgleckman/", "title": "How Budget Commissions Can Make It Harder To Cut The Deficit", "description": "They either provide political cover for lawmakers who want to achieve a goal but are afraid to act without an external push. Or an excuse to duck crucial policy decisions.", "url": "https://www.forbes.com/sites/howardgleckman/2023/09/21/how-budget-commissions-can-make-it-harder-to-cut-the-deficit/", "urlToImage": "https://imageio.forbes.com/specials-images/imageserve/650c4e21e7a3f5d84e04412b/0x0.jpg?format=jpg&width=1200", "publishedAt": "2023-09-21T14:12:55Z", "content": "WASHINGTON, DC - April 28: National Commission on Fiscal Responsibility and Reform co-chairmen ... [+] Erskine Bowles, and Alan Simpson during a panel discussion. (Photo by Scott J. Ferrell/Congressi\u2026 [+5282 chars]"}, {"source": {"id": "abc-news", "name": "ABC News"}, "author": "BILL BARROW Associated Press", "title": "Jimmy Carter turns 99 at home with Rosalynn and other family as tributes come from around the world", "description": "Jimmy Carter will put off his usual Sunday practice of watching church services online to instead celebrate his 99th birthday with his wife, Rosalynn, and their children, grandchildren and great-grandchildren in Plains", "url": "https://abcnews.go.com/US/wireStory/jimmy-carter-turns-99-home-rosalynn-family-tributes-103633642", "urlToImage": "https://i.abcnewsfe.com/a/888e192b-8779-4f4f-b2e1-cc2a8d810757/wirestory_19be42d93ca052816aaa06c57c38be1b_16x9.jpg?w=992", "publishedAt": "2023-10-01T04:52:54Z", "content": "ATLANTA -- Jimmy Carter has always been a man of discipline and habit. But the former president will break routine Sunday, putting off his practice of quietly watching church services online to inste\u2026 [+7271 chars]"}, {"source": {"id": "the-times-of-india", "name": "The Times of India"}, "author": "PTI", "title": "Govt aims to complete about 85 pc of road projects on time this fiscal: Highways secretary Anurag Jain", "description": "Around 85% of road projects in India are expected to be completed by the end of this fiscal year, according to Anurag Jain, Road Transport and Highways secretary. The government's efforts to expedite clearances and resolve issues have led to improved monitori\u2026", "url": "https://economictimes.indiatimes.com/news/economy/infrastructure/govt-aims-to-complete-about-85-pc-of-road-projects-on-time-this-fiscal-highways-secretary-anurag-jain/articleshow/104156054.cms", "urlToImage": "https://img.etimg.com/thumb/msid-104156585,width-1200,height-630,imgsize-134748,overlay-economictimes/photo.jpg", "publishedAt": "2023-10-04T09:02:21Z", "content": "New Delhi: Around 85 per cent of road projects are likely to be completed by the end of this fiscal, as the steps taken by the government to ensure faster clearances like monitoring and quicker resol\u2026 [+3465 chars]"}, {"source": {"id": "business-insider", "name": "Business Insider"}, "author": "Ayelet Sheffey", "title": "The bad math behind Harvard's refusal to do away with legacy admissions", "description": "Elite colleges like Harvard have a not-so-secret reason for giving alumni's kids special treatment: money. But it's actually a big mistake.", "url": "https://www.businessinsider.com/harvard-elite-colleges-legacy-admissions-financial-endowments-alumni-donations-2023-10", "urlToImage": "https://i.insider.com/64f24d321b7ced0019c72861?width=1200&format=jpeg", "publishedAt": "2023-10-09T09:58:02Z", "content": "The explosion of endowments at elite colleges has allowed many forward-looking schools to drop their legacy admissions preference with no signs of financial suffering.Chelsea Jia Feng/Insider\r\nFor de\u2026 [+12698 chars]"}, {"source": {"id": "bbc-news", "name": "BBC News"}, "author": "https://www.facebook.com/bbcnews", "title": "How Ghana's central bank lost $5bn in one year", "description": "The country's economic crisis has sparked protests and led to calls for the bank's boss to resign.", "url": "https://www.bbc.co.uk/news/business-66947202", "urlToImage": "https://ichef.bbci.co.uk/news/1024/branded_news/107EB/production/_131336576_gettyimages-1245602083.jpg", "publishedAt": "2023-10-05T23:54:58Z", "content": "Ghana - once touted as a trailblazing African economic success story - is facing an unprecedented financial crisis.\r\nThis week, hundreds of protestors took to the streets in the capital Accra, callin\u2026 [+6122 chars]"}, {"source": {"id": null, "name": "Euronews"}, "author": null, "title": "Central Bank of Denmark urges caution over economic future", "description": "Denmark's Nationalbank has called for economic caution with regard to future policy making, also predicting hovering inflation to come.", "url": "https://www.euronews.com/2023/09/20/central-bank-of-denmark-urges-caution-over-economic-future", "urlToImage": "https://static.euronews.com/articles/stories/07/90/89/92/1000x563_cmsv2_e0b24471-5a06-5933-a3ab-c866cb388f55-7908992.jpg", "publishedAt": "2023-09-20T14:09:03Z", "content": "Denmark's Nationalbank has called for economic caution with regard to future policy making, also predicting hovering inflation to come.\r\n Denmark's Nationalbank has issued a stark warning about the c\u2026 [+2689 chars]"}, {"source": {"id": "politico", "name": "Politico"}, "author": "Myah Ward", "title": "Ramaswamy wants to end the H-1B visa program he used 29 times", "description": "The GOP candidate pledges to get rid of a the system he calls \u201cindentured servitude.\u201d", "url": "https://www.politico.com/news/2023/09/16/ramaswamy-h1b-visa-gop-visa-00116383", "urlToImage": "https://static.politico.com/f1/05/f6da661e43098d3156c448160bcb/election-2024-ramaswamy-54388.jpg", "publishedAt": "2023-09-16T11:00:00Z", "content": "Yet, the H-1B system is bad for everyone involved, Ramaswamy told POLITICO.\r\nThe lottery system needs to be replaced by actual meritocratic admission. Its a form of indentured servitude that only acc\u2026 [+2527 chars]"}, {"source": {"id": "time", "name": "Time"}, "author": "JOSH BOAK, CHRIS MEGERIAN / AP", "title": "Biden Isn\u2019t at Fault for the Looming Shutdown, Says White House Budget Director", "description": "White House budget director Shalanda Young said \u201cabsolutely not\" when asked if Biden should bear any responsibility for the shutdown.", "url": "https://time.com/6319128/biden-government-shutdown-fault-denied/", "urlToImage": "https://api.time.com/wp-content/uploads/2023/09/AP23272775185710.jpg?quality=85", "publishedAt": "2023-09-30T13:55:16Z", "content": "WASHINGTON Staring down a likely government shutdown, the White House wants to make sure any blame falls at the other end of Pennsylvania Avenue specifically on House Republicans.\r\nAfter all, it's Ho\u2026 [+6429 chars]"}, {"source": {"id": null, "name": "The Intercept"}, "author": "Ken Klippenstein", "title": "Pentagon\u2019s Budget Is So Bloated That It Needs an AI Program to Navigate It", "description": "Codenamed GAMECHANGER, an AI program helps the military make sense of its own \u201cbyzantine\u201d and \u201ctedious\u201d bureaucracy.\nThe post Pentagon\u2019s Budget Is So Bloated That It Needs an AI Program to Navigate It appeared first on The Intercept.", "url": "http://theintercept.com/2023/09/20/pentagon-ai-budget-gamechanger/", "urlToImage": "https://theintercept.com/wp-content/uploads/2023/09/GettyImages-1240599370-AI-gamechanger-defense-department-budget.jpg?fit=2500%2C1250&w=1200&h=800", "publishedAt": "2023-09-20T16:35:46Z", "content": "As tech luminaries\r\n like Elon Musk issue solemn warnings about artificial intelligences threat of civilizational destruction, the U.S. military is using it for a decidedly more mundane purpose: unde\u2026 [+5516 chars]"}, {"source": {"id": null, "name": "Deadline"}, "author": "Jill Goldsmith", "title": "Rupert Murdoch Pay Rises To $23 Million In FY23, His Last Full Year As Fox Chair; CEO Lachlan Package At $21.7 Million", "description": "More news on the Murdoch front as the Fox Corp. proxy filed today shows Rupert with a 24% pay increase in fiscal 2023 to $22.9 million from $18.9 million. It\u2019s his last full year as chairman of the board as succession planning kicks in. CEO and executive chai\u2026", "url": "https://deadline.com/2023/09/rupert-lachlan-murdoch-fox-ceo-pay-1235554068/", "urlToImage": "https://deadline.com/wp-content/uploads/2023/09/lachlan-murdoch-main-rupert-murdoch-.jpg?w=1024", "publishedAt": "2023-09-22T21:31:42Z", "content": "More news on the Murdoch front as the Fox Corp. proxy filed today shows Rupert with a 24% pay increase in fiscal 2023 to $22.9 million from $18.9 million. It\u2019s his last full year as chairman of the b\u2026 [+1560 chars]"}, {"source": {"id": null, "name": "Theregister.com"}, "author": "Brandon Vigliarolo", "title": "The Pentagon has no idea how to deal with bad cloud contracts, say auditors", "description": "Bad IT practices at the DoD? You don't say\nPointing out IT failures at the US Department of Defense is like shooting fish in a barrel, but here we are with another in the crosshairs: This time it's the DoD that has failed to account for the costs associated w\u2026", "url": "https://www.theregister.com/2023/09/14/the_pentagon_has_no_idea/", "urlToImage": "https://regmedia.co.uk/2023/09/14/pentagoncloud.jpg", "publishedAt": "2023-09-14T19:00:06Z", "content": "Pointing out IT failures at the US Department of Defense is like shooting fish in a barrel, but here we are with another in the cross-hairs: this time it's the DoD that has failed to account for the \u2026 [+4236 chars]"}, {"source": {"id": "al-jazeera-english", "name": "Al Jazeera English"}, "author": "Al Jazeera", "title": "Russia\u2019s central bank raises key interest rate amid weaker rouble", "description": "The third rate hike in two months comes as Russia grapples with higher inflation and a weaker rouble.", "url": "https://www.aljazeera.com/news/2023/9/15/russias-central-bank-raises-key-interest-rate-amid-weaker-ruble", "urlToImage": "https://www.aljazeera.com/wp-content/uploads/2023/09/32B733Y-preview-1694779863.jpg?resize=1752%2C1080", "publishedAt": "2023-09-15T12:26:04Z", "content": "Russias central bank has raised its key interest rate by 100 basis points to 13 percent, hiking the cost of borrowing for the third time in two months as it grapples with higher inflation and a weake\u2026 [+2098 chars]"}, {"source": {"id": null, "name": "Ritholtz.com"}, "author": "Barry Ritholtz", "title": "The Least Bad Choice", "description": "I have been watching the various sentiment polls and Right/Wrong Track questions with detached bemusement. Bemused because they are so silly and detached because I know I can\u2019t change human nature.\u00a0What I can do is share a few modest insights here; hopefully,\u2026", "url": "https://ritholtz.com/2023/09/the-least-bad-choice/", "urlToImage": "https://ritholtz.com/wp-content/uploads/2023/09/ai-generated-8172587_1280.jpg", "publishedAt": "2023-09-28T13:00:41Z", "content": "I have been watching the various sentiment polls and Right/Wrong Track questions with detached bemusement. Bemused because they are so silly and detached because I know I cant change human nature.\u00a0Wh\u2026 [+5204 chars]"}, {"source": {"id": null, "name": "Github.com"}, "author": "guidance-ai", "title": "Guidance: A guidance language for controlling large language models", "description": "A guidance language for controlling large language models. - GitHub - guidance-ai/guidance: A guidance language for controlling large language models.", "url": "https://github.com/guidance-ai/guidance", "urlToImage": "https://opengraph.githubassets.com/ef1e66388f99171f906f87efca16bbc89622398bd1610fcb52f1c135696db8d3/guidance-ai/guidance", "publishedAt": "2023-09-16T20:21:56Z", "content": "Where there is no guidance, a model fails, but in an abundance of instructions there is safety.- GPT 11:14\r\nGuidance enables you to control modern language models more effectively and efficiently tha\u2026 [+30492 chars]"}, {"source": {"id": null, "name": "Forbes"}, "author": "William Pesek, Senior Contributor, \n William Pesek, Senior Contributor\n https://www.forbes.com/sites/williampesek/", "title": "If $307 Trillion Doesn\u2019t Scare You, This Should", "description": "The most surprising thing about news that global debt just hit a record $307 trillion is how little alarm it generated. But these figures suggest that governments everywhere have lost the plot on basic fiscal prudence.", "url": "https://www.forbes.com/sites/williampesek/2023/09/24/if-307-trillion-doesnt-scare-you-this-should/", "urlToImage": "https://imageio.forbes.com/specials-images/imageserve/651007cde1ad87dd829169b1/0x0.jpg?format=jpg&crop=2375,1337,x402,y702,safe&width=1200", "publishedAt": "2023-09-24T10:45:17Z", "content": "The global economys debt pile hit a new high in the first half of 2023.\r\ngetty\r\nThe most surprising thing about news that global debt just hit a record $307 trillion is how little alarm it generated.\u2026 [+5169 chars]"}, {"source": {"id": null, "name": "MarketWatch"}, "author": "Steve Goldstein", "title": "Need to Know: The stock market can\u2019t catch a break. Good news is bad news, and now bad news is bad news, too.", "description": "Right now, stocks fall on good economic news and bad economic news too.", "url": "https://www.marketwatch.com/story/the-stock-market-cant-catch-a-break-good-news-is-bad-news-and-now-bad-news-is-bad-news-too-fe9d8183", "urlToImage": "https://images.mktw.net/im-858569/social", "publishedAt": "2023-09-27T10:43:00Z", "content": "Its a rough time in the U.S. stock market.Consider the reports on the economy that trickle in nearly every day. On Thursday, the Labor Department reported a decline in initial jobless claims, to an e\u2026 [+4398 chars]"}, {"source": {"id": null, "name": "MarketWatch"}, "author": "Joseph Adinolfi", "title": "Market Extra: How Treasury market upheaval is rippling through global markets in 4 charts", "description": "Soaring U.S. bond yields sent shock waves across global markets in September. Now, yields started October by pushing even higher, heaping more pressure on global stocks and threatening to upend markets and the economy.", "url": "https://www.marketwatch.com/story/how-treasury-market-upheaval-is-rippling-through-global-markets-in-4-charts-d71a9f72", "urlToImage": "https://images.mktw.net/im-481968/social", "publishedAt": "2023-10-03T11:00:00Z", "content": "Soaring U.S. government bond yields sent shock waves across global markets in September. Now, yields started October by pushing even higher, heaping more pressure on global stocks and threatening to \u2026 [+5864 chars]"}, {"source": {"id": null, "name": "Quartz India"}, "author": "Nate DiCamillo", "title": "China is trying to lend itself out of a recession", "description": "Although not yet in an official recession, China\u2019s economy is in trouble. The country\u2019s real estate sector is in crisis and makes up an outsized share of the country\u2019s gross domestic product (GDP). Not only did China build too much housing, but Chinese consum\u2026", "url": "https://qz.com/china-is-trying-to-lend-itself-out-of-a-recession-1850838599", "urlToImage": "https://i.kinja-img.com/gawker-media/image/upload/c_fill,f_auto,fl_progressive,g_center,h_675,pg_1,q_80,w_1200/db9b61ef31725f2343d0490974c56945.jpg", "publishedAt": "2023-09-14T17:31:00Z", "content": "Although not yet in an official recession, Chinas economy is in trouble. The countrys real estate sector is in crisis and makes up an outsized share of the countrys gross domestic product (GDP). Not \u2026 [+3021 chars]"}, {"source": {"id": null, "name": "Quartz India"}, "author": "Grete Suarez", "title": "US Treasury yields fell after the Fed hinted at leaving interest rates alone", "description": "US Treasury yields fell after Federal Reserve officials hinted at leaving interest rates unchanged at their next meeting on Nov. 1.Read more...", "url": "https://qz.com/us-treasury-yields-fell-after-the-fed-hinted-at-leaving-1850914489", "urlToImage": "https://i.kinja-img.com/image/upload/c_fill,f_auto,fl_progressive,g_center,h_675,pg_1,q_80,w_1200/f390177f09e990d3200c5e3bd49b60da.jpg", "publishedAt": "2023-10-10T19:22:04Z", "content": "US Treasury yields fell after Federal Reserve officials hinted at leaving interest rates unchanged at their next meeting on Nov. 1.\r\nPhilip Jefferson, vice chair of the Feds board, said he remains co\u2026 [+3500 chars]"}, {"source": {"id": null, "name": "Instapundit.com"}, "author": "Glenn Reynolds", "title": "ARNOLD KLING ON UNSUSTAINABLE FISCAL POLICY: \u201cMaybe countries can live with today\u2019s high debt rat", "description": "ARNOLD KLING ON UNSUSTAINABLE FISCAL POLICY: \u201cMaybe countries can live with today\u2019s high debt ratios, and maybe they cannot. The problem, which the authors mention briefly but do not address, is that in the absence of significant policy changes, the outlook\u2014a\u2026", "url": "https://instapundit.com/606185/", "urlToImage": "https://instapundit.com/wp-content/themes/instapundit/images/opengraph-default.png", "publishedAt": "2023-09-18T16:00:30Z", "content": "ARNOLD KLING ON UNSUSTAINABLE FISCAL POLICY: \u201cMaybe countries can live with todays high debt ratios, and maybe they cannot. The problem, which the authors mention briefly but do not address, is that \u2026 [+474 chars]"}, {"source": {"id": null, "name": "Project Syndicate"}, "author": "M\u00f3nica Araya", "title": "M\u00f3nica Araya on electric vehicles, US climate policy, the EU-Mercosur trade deal, and more", "description": "M\u00f3nica Araya welcomes progress toward zero-emission transport, laments the fossil-fuel industry\u2019s outsize influence over governments everywhere, argues that European climate action should be based on a people-centered political narrative, and more.", "url": "https://www.project-syndicate.org/onpoint/an-interview-with-monica-araya-electric-vehicles-decarbonization-eu-mercosur-trade-deal-2023-09", "urlToImage": "https://webapi.project-syndicate.org/library/c94fd14fcf169b9f10545aeefcbcd5ee.2-1-super.1.jpg", "publishedAt": "2023-09-12T10:27:22Z", "content": "This week in Say More, PS talks with\u00a0M\u00f3nica Araya, Executive Director, International, at the European Climate Foundation.Project Syndicate: In 2020, you wrote\u00a0that, Our long-term success at managing \u2026 [+9086 chars]"}, {"source": {"id": null, "name": "The Intercept"}, "author": "Prem Thakker", "title": "Republican Disarray Delays Vote to Ban Cluster Bomb Transfers", "description": "As Biden sends the internationally banned weapons to Ukraine, a bipartisan group of lawmakers wants to block their transfer to any country. \nThe post Republican Disarray Delays Vote to Ban Cluster Bomb Transfers appeared first on The Intercept.", "url": "http://theintercept.com/2023/09/14/ukraine-cluster-bombs-us-transfer/", "urlToImage": "https://theintercept.com/wp-content/uploads/2023/09/GettyImages-1512023076-cluster-bombs.jpg?fit=2500%2C1250&w=1200&h=800", "publishedAt": "2023-09-14T18:57:08Z", "content": "A renewed congressional\r\n effort to ban U.S. transfers of cluster weapons could be one casualty of Congresss inability to agree on spending bills ahead of a looming government shutdown.\r\nLed by Reps.\u2026 [+7712 chars]"}, {"source": {"id": null, "name": "Yahoo Entertainment"}, "author": "Bloomberg News", "title": "China Cuts Bank Reserve Requirements to Aid Fiscal Stimulus", "description": "(Bloomberg) -- China\u2019s central bank cut the amount of cash lenders must hold in reserve for the second time this year, a move that will help banks support...", "url": "https://finance.yahoo.com/news/china-cuts-bank-requirements-aid-113620844.html", "urlToImage": "https://s.yimg.com/ny/api/res/1.2/iE_CacnCQPubjDIHVDGcUQ--/YXBwaWQ9aGlnaGxhbmRlcjt3PTEyMDA7aD04MDA-/https://media.zenfs.com/en/bloomberg_markets_842/eaa695eae8199e275aa700503a97b903", "publishedAt": "2023-09-14T12:23:51Z", "content": "(Bloomberg) -- Chinas central bank cut the amount of cash lenders must hold in reserve for the second time this year, a move that will help banks support government spending to stimulate the slowing \u2026 [+3429 chars]"}, {"source": {"id": null, "name": "Americanthinker.com"}, "author": null, "title": "Life Imitates Charlie Brown", "description": "If a new speaker moves the Republicans, the House, and the country to a position of fiscal responsibility, a sane border policy, smaller government via less spending, and away from the climate change hysteria, then this historic event will have been for the g\u2026", "url": "https://www.americanthinker.com/articles/2023/10/life_imitates_charlie_brown_.html", "urlToImage": "https://www.americanthinker.com/images/bucket/2023-10/249283.jpg", "publishedAt": "2023-10-06T05:00:00Z", "content": "We\u2019ve all seen the Charlie Brown and Lucy cartoons.\u00a0 Lucy always tries to convince Charlie Brown to kick the football promising she won\u2019t yank the ball away.\u00a0 Inevitably, Charlie Brown agrees.\u00a0 He ge\u2026 [+6142 chars]"}, {"source": {"id": null, "name": "Sputnikglobe.com"}, "author": "Sputnik International", "title": "US Fiscal Deficit Deteriorated Substantially in 2023 - IMF", "description": "MOSCOW (Sputnik) - The chief economist of the International Monetary Fund (IMF), Pierre-Olivier Gourinchas, on Tuesday warned about the inadequacy of the US fiscal policy, as the country's fiscal deficit significantly worsened in 2023.", "url": "https://sputnikglobe.com/20231010/us-fiscal-deficit-deteriorated-substantially-in-2023---imf--1114061260.html", "urlToImage": "https://cdn1.img.sputnikglobe.com/images/sharing/article/eng/1114061260.jpg?10800121101696934183", "publishedAt": "2023-10-10T10:36:22Z", "content": "Sputnik brings you all the latest breaking stories, expert analysis and videos from North and South America.\r\nhttps://sputnikglobe.com/20231010/us-fiscal-deficit-deteriorated-substantially-in-2023---\u2026 [+1472 chars]"}, {"source": {"id": null, "name": "MONEY"}, "author": "Adam Hardy", "title": "Five Ways A Government Shutdown Could Affect Your Money", "description": "Without a spending bill by Sept. 30, the U.S. government will shut down, kicking off a chain reaction that could impact Americans' wallets.", "url": "https://money.com/government-shutdown-affect-money/", "urlToImage": "https://img.money.com/2023/09/News-Government-Shutdown.jpg?quality=85", "publishedAt": "2023-09-25T13:56:30Z", "content": "It\u2019s not deja vu. The U.S. is again barreling toward a self-imposed financial crisis as lawmakers are gridlocked over a spending package to keep the federal government fully operational.\r\nCongress ha\u2026 [+7255 chars]"}, {"source": {"id": "politico", "name": "Politico"}, "author": "Lara Korte and Melanie Mason", "title": "What Newsom\u2019s relationship with labor says about his Senate pick", "description": "The governor tapped a labor champion in the midst of high-profile vetoes of union priorities.", "url": "https://www.politico.com/news/2023/10/03/newsoms-labor-senate-pick-laphonza-butler-00119595", "urlToImage": "https://static.politico.com/5b/0c/3a09e34c4cc5bfa95837df8ae55b/https-delivery-gettyimages.com/downloads/1500968139", "publishedAt": "2023-10-03T09:00:00Z", "content": "Newsom on Monday praised Butler as someone who has the ability to create a dynamic on the outside that moves the needle on the inside.\r\nThe co-founder of a winery, Newsom has sometimes put corporate \u2026 [+3425 chars]"}, {"source": {"id": null, "name": "Los Angeles Times"}, "author": "Jackie Calmes", "title": "Calmes: The House Republicans' shutdown politics are dumb and dumber", "description": "Kevin McCarthy's rebellious extremists in the House seem to believe they have the leverage to force their far-right budget and policy demands into law. They don't.", "url": "https://www.latimes.com/opinion/story/2023-09-22/shutdown-house-republicans-budget-kevin-mccarthy-matt-gaetz", "urlToImage": "https://ca-times.brightspotcdn.com/dims4/default/b02a19e/2147483647/strip/true/crop/5000x2625+0+354/resize/1200x630!/quality/75/?url=https%3A%2F%2Fcalifornia-times-brightspot.s3.amazonaws.com%2F3d%2Fb0%2F8591e784415fbbe5f5f1311affbd%2Fcongress-budget-90633.jpg", "publishedAt": "2023-09-22T20:05:05Z", "content": "For years, I stalked the Capitol halls amid Congress fiscal-year-end follies, waiting with other reporters for a breakthrough to end the latest faux crisis. Im hard-pressed to recall a budget fight s\u2026 [+5327 chars]"}, {"source": {"id": null, "name": "Forbes"}, "author": "Simon Moore, Senior Contributor, \n Simon Moore, Senior Contributor\n https://www.forbes.com/sites/simonmoore/", "title": "Yield Curve Less Inverted, But Recession Warning Remains", "description": "After inverting in 2022, the predicted U.S. recession that an inverted yield curve often warns of, has not occurred.", "url": "https://www.forbes.com/sites/simonmoore/2023/10/09/yield-curve-less-inverted-but-recession-warning-remains/", "urlToImage": "https://imageio.forbes.com/specials-images/imageserve/64d3b6dd8cb3be7ff6b1ea3f/0x0.jpg?format=jpg&width=1200", "publishedAt": "2023-10-09T14:58:01Z", "content": "NEW YORK, NEW YORK - JANUARY 09: Traders work on the floor of the New York Stock Exchange during ... [+] afternoon trading on January 09, 2023 in New York City. The stock market closed with mixed res\u2026 [+3388 chars]"}, {"source": {"id": null, "name": "Project Syndicate"}, "author": "Bernard Haykel", "title": "Saudi Arabia\u2019s New Nationalism", "description": "Saudi Crown Prince Mohammed bin Salman is leading a major economic and political transformation, with the goal of turning his country from a rentier petrostate into a major geopolitical force with a diversified economy. The Kingdom's ambitious domestic reform\u2026", "url": "https://www.project-syndicate.org/commentary/mbs-behind-saudi-nationalist-surge-by-bernard-haykel-2023-09", "urlToImage": "https://webapi.project-syndicate.org/library/78bbd061e6186f23097da350e7bba658.2-1-super.1.jpg", "publishedAt": "2023-09-29T15:53:39Z", "content": "Saudi Crown Prince Mohammed bin Salman is leading a major economic and political transformation, with the goal of turning his country from a rentier petrostate into a major geopolitical force with a \u2026 [+6143 chars]"}, {"source": {"id": null, "name": "Project Syndicate"}, "author": "Richard Clarida", "title": "The Anatomy of the Global Inflation Spike", "description": "The post-pandemic surge of inflation must be analyzed in its global context, with insights drawn from the notable correlations between countries - and especially between advanced economies. Only then can one properly judge major central banks' performance in \u2026", "url": "https://www.project-syndicate.org/commentary/inflation-causes-consequences-implications-for-monetary-policy-by-richard-clarida-2023-10", "urlToImage": "https://webapi.project-syndicate.org/library/d93602f4e1726e3bd3c856361b1403b8.2-1-super.1.jpg", "publishedAt": "2023-10-04T12:54:13Z", "content": "The post-pandemic surge of inflation must be analyzed in its global context, with insights drawn from the notable correlations between countries - and especially between advanced economies. Only then\u2026 [+6009 chars]"}, {"source": {"id": "politico", "name": "Politico"}, "author": "Sam Sutton", "title": "`Derailed by mistakes\u2019: Shutdown poses economic threat as other headwinds mount", "description": "A shutdown would likely cast a cloud over consumer sentiment, which has remained chilly since Covid. And business owners increasingly expect conditions to deteriorate.", "url": "https://www.politico.com/news/2023/09/22/shutdown-poses-economic-threat-headwinds-00117474", "urlToImage": "https://images.politicopro.com/images/financial_services/140213_wall_street_sign_ap.jpg", "publishedAt": "2023-09-22T09:00:00Z", "content": "The good news is that the economy is internally robust, said Mohamed El-Erian, president of Queens College, Cambridge and chief economic adviser at Allianz, who thinks skeptics have been sidelined in\u2026 [+5644 chars]"}, {"source": {"id": "time", "name": "Time"}, "author": "Olivia B. Waxman", "title": "Inside the Controversy Over the National Museum of the American Latino", "description": "Inside the fight over the new Museum of the American Latino, and why a planned exhibit on youth movements was halted.", "url": "https://time.com/6314166/museum-american-latino-controversy/", "urlToImage": "https://api.time.com/wp-content/uploads/2023/09/National-Museum-American-Latino-presente-exhibition.jpg?quality=85", "publishedAt": "2023-09-15T11:00:00Z", "content": "The National Museum of the American Latino doesnt even have a building yet, but its work is already controversial.\r\nFor the last two years, historians had been working on an exhibit about the history\u2026 [+13773 chars]"}, {"source": {"id": null, "name": "Yahoo Entertainment"}, "author": "Julia Leite", "title": "Egypt Downgraded by Moody\u2019s on\u00a0Dwindling Policy Options", "description": "(Bloomberg) -- Egypt\u2019s credit score was downgraded by Moody\u2019s Investors Service to one of the lowest rungs of speculative grade amid what the ratings firm...", "url": "https://finance.yahoo.com/news/egypt-downgraded-moody-dwindling-policy-044314405.html", "urlToImage": "https://s.yimg.com/ny/api/res/1.2/atwAZxQdbFLCxIIaTHgMjA--/YXBwaWQ9aGlnaGxhbmRlcjt3PTEyMDA7aD04MDA-/https://media.zenfs.com/en/bloomberg_markets_842/9fd03758c0c8cca8fb4418ce17979478", "publishedAt": "2023-10-06T04:43:14Z", "content": "(Bloomberg) -- Egypts credit score was downgraded by Moodys Investors Service to one of the lowest rungs of speculative grade amid what the ratings firm called increasingly constrained policy options\u2026 [+2866 chars]"}, {"source": {"id": null, "name": "Nakedcapitalism.com"}, "author": "Conor Gallagher", "title": "Social Security Overpays Billions to People, Many on Disability. Then It Demands the Money Back", "description": "The Social Security Administration is trying to reclaim billions of dollars from many of the nation\u2019s poorest and most vulnerable.", "url": "https://www.nakedcapitalism.com/2023/09/social-security-overpays-billions-to-people-many-on-disability-then-it-demands-the-money-back.html", "urlToImage": null, "publishedAt": "2023-09-18T09:00:21Z", "content": "This is Naked Capitalism fundraising week. 12079 donors have already invested in our efforts to combat corruption and predatory conduct, particularly in the financial realm. Please join us and partic\u2026 [+15272 chars]"}, {"source": {"id": null, "name": "Sputnikglobe.com"}, "author": "Fantine  Gardinier", "title": "Private Equity 'Thrown Under Bus' by Fed's 'Higher for Longer' US Fiscal Policy", "description": "The US central bank is engaged in an effort to reorganize US capital using fiscal policy, directing it away from the financial class and spend-happy bureaucrats and toward industrial leaders and Main Street, in line with international expectations, a financia\u2026", "url": "https://sputnikglobe.com/20230921/private-equity-thrown-under-bus-by-feds-higher-for-longer-us-fiscal-policy-1113568668.html", "urlToImage": "https://cdn1.img.sputnikglobe.com/images/sharing/article/eng/1113568668.jpg?10948974781695325993", "publishedAt": "2023-09-21T19:55:41Z", "content": "He did the hard work this summer, Luongo said of Powell. By raising interest rates in July, he left himself optionality in September. He was clear that he expects one more hike this year and is still\u2026 [+241 chars]"}, {"source": {"id": null, "name": "Project Syndicate"}, "author": "Michael R. Strain", "title": "An Off-Ramp from Trump\u2019s Road to Ruin", "description": "The GOP candidates most enamored with Trumpian populism \u2013 including Trump himself \u2013 are most likely to condemn the party to defeat in the 2024 presidential election. Former South Carolina Governor Nikki Haley, who is more aligned with traditional American con\u2026", "url": "https://www.project-syndicate.org/commentary/nikki-haley-better-choice-for-2024-republican-presidential-nominee-by-michael-r-strain-2023-09", "urlToImage": "https://webapi.project-syndicate.org/library/78ed0ff67a267aa136af7190dde63530.2-1-super.1.jpg", "publishedAt": "2023-09-14T10:34:38Z", "content": "The GOP candidates most enamored with Trumpian populism including Trump himself are most likely to condemn the party to defeat in the 2024 presidential election. Former South Carolina Governor Nikki \u2026 [+6583 chars]"}, {"source": {"id": null, "name": "AndroidGuys"}, "author": "Jude Chukwuemeka", "title": "Total by Verizon adds 50 exclusive stores in Greater Los Angeles", "description": "Total by Verizon is determined to reach more customers by opening more retail stores where other firms are closing theirs. As part of its commitment to run on America\u2019s most reliable 5G network, the brand is stretching out to reach more customers. What Total \u2026", "url": "https://www.androidguys.com/news/total-by-verizon-adds-50-exclusive-stores-in-greater-los-angeles/", "urlToImage": "https://www.androidguys.com/wp-content/uploads/2023/09/Total_by_Verizon_Logo.jpg", "publishedAt": "2023-09-20T22:09:57Z", "content": "Total by Verizon is determined to reach more customers by opening more retail stores where other firms are closing theirs. As part of its commitment to run on Americas most reliable 5G network, the b\u2026 [+2067 chars]"}, {"source": {"id": "the-times-of-india", "name": "The Times of India"}, "author": "ET CONTRIBUTORS", "title": "IGB inclusion in JPMorgan Index to enhance FPI participation in markets", "description": "However, since 2013 - when the idea of index inclusion was first floated - the Indian authorities have made steady progress in facilitating foreign investment into IGBs. The announcement of IGBs inclusion in JP Morgan's GBI-EM Global Diversified (GBI-EM-GD) I\u2026", "url": "https://economictimes.indiatimes.com/markets/stocks/news/igb-inclusion-in-jpmorgan-index-to-enhance-fpi-participation-in-markets/articleshow/104029373.cms", "urlToImage": "https://img.etimg.com/thumb/msid-104029391,width-1200,height-630,imgsize-36794,overlay-etmarkets/photo.jpg", "publishedAt": "2023-09-29T00:31:17Z", "content": "For the first time ever, Indian Government Bonds (IGBs) will be included in a global emerging markets bond index starting June 2024. Although such indices have been around for a long time, IGBs were \u2026 [+3711 chars]"}, {"source": {"id": null, "name": "AOL"}, "author": "David Morgan", "title": "McCarthy says US House Republicans to vote on defense spending bill Thursday", "description": "(Reuters) -U.S. House of Representatives Speaker Kevin McCarthy said Republicans will try again to move forward on fiscal 2024 spending legislation on...", "url": "https://www.aol.com/news/mccarthy-says-us-house-republicans-230727448.html", "urlToImage": "https://media.zenfs.com/en/aol_reuters_29/996495c817afbf609db0bfb47f22ef8c", "publishedAt": "2023-09-20T23:07:27Z", "content": "By David Morgan\r\n(Reuters) -U.S. House of Representatives Speaker Kevin McCarthy said Republicans will try again to move forward on fiscal 2024 spending legislation on Thursday, with a procedural vot\u2026 [+1787 chars]"}, {"source": {"id": null, "name": "The Indian Express"}, "author": "PTI", "title": "Vivek Ramaswamy wants to end H-1B visa programme, calls it \u2018indentured servitude\u2019", "description": "The H-1B visa, the much-sought-after among Indian IT professionals, is a non-immigrant visa that allows US companies to employ foreign workers in speciality occupations that require theoretical or technical expertise.", "url": "https://indianexpress.com/article/world/vivek-ramaswamy-wants-to-end-h-1b-visa-programme-calls-it-indentured-servitude-8943833/", "urlToImage": "https://images.indianexpress.com/2023/09/vivek.jpg", "publishedAt": "2023-09-17T09:25:16Z", "content": "Calling the H-1B visa programme \u201cindentured servitude\u201d, Indian-American Republican presidential aspirant Vivek Ramaswamy has vowed to gut the lottery-based system and replace it with meritocratic adm\u2026 [+3787 chars]"}, {"source": {"id": null, "name": "Boston Herald"}, "author": "Matthew Medsger", "title": "Advocates push Massachusetts lawmakers to act on tax cuts", "description": "Unfortunately for the tax policy group, lawmakers are \u2014 again \u2014 staring down a suddenly changing fiscal environment.", "url": "https://www.bostonherald.com/2023/09/13/advocates-push-massachusetts-lawmakers-to-act-on-tax-cuts/", "urlToImage": "https://www.bostonherald.com/wp-content/uploads/2023/03/0327-NWS-BHR-L-Weatherjm01.jpg?w=1024&h=737", "publishedAt": "2023-09-13T23:28:42Z", "content": "A new report by the Massachusetts Taxpayers Foundation points to huge post-pandemic jumps in state revenue before urging the Legislature to use the time left in the year to finally get their act toge\u2026 [+2846 chars]"}, {"source": {"id": null, "name": "Project Syndicate"}, "author": "Yi Fuxian", "title": "A Chinese Bubble Long in the Making", "description": "Owing to the one-child policy and the legacies of other less-appreciated Chinese development measures over the years, the stage has long been set for today's property bubble. But even more tragically, much of China\u2019s economic growth over the past decade has b\u2026", "url": "https://www.project-syndicate.org/onpoint/china-property-bubble-born-of-policy-mistakes-broader-demographic-crisis-by-yi-fuxian-2023-09", "urlToImage": "https://webapi.project-syndicate.org/library/ed4bd6ce103e96c4ff5b48eb40da2cf8.2-1-super.1.jpg", "publishedAt": "2023-09-29T08:25:52Z", "content": "Owing to the one-child policy and the legacies of other less-appreciated Chinese development measures over the years, the stage has long been set for today's property bubble. But even more tragically\u2026 [+14255 chars]"}, {"source": {"id": null, "name": "Project Syndicate"}, "author": "Eswar Prasad", "title": "The Global Recovery Is Faltering", "description": "Even as inflationary pressures ease, geopolitical tensions and structural factors such as unfavorable demographics and high debt levels have taken a toll on household and business confidence worldwide. The challenge for governments is to rebuild confidence an\u2026", "url": "https://www.project-syndicate.org/commentary/world-economy-losing-momentum-by-eswar-prasad-2023-10", "urlToImage": "https://webapi.project-syndicate.org/library/3fd599bb373600906f54b2ce78ee37f7.2-1-super.1.jpg", "publishedAt": "2023-10-06T15:44:26Z", "content": "Even as inflationary pressures ease, geopolitical tensions and structural factors such as unfavorable demographics and high debt levels have taken a toll on household and business confidence worldwid\u2026 [+6504 chars]"}, {"source": {"id": null, "name": "Yahoo Entertainment"}, "author": "Ye Xie", "title": "Bill Gross Warns Bond Investors Face Record Third Year of Losses", "description": "(Bloomberg) -- Bond investors\u2019 pain isn\u2019t over yet, even though the Federal Reserve is done raising interest rates, said Bill Gross, the former chief...", "url": "https://finance.yahoo.com/news/bill-gross-warns-bond-investors-144344210.html", "urlToImage": "https://media.zenfs.com/en/bloomberg_markets_842/c00cd04178c1a1abee5dfefed6338a4f", "publishedAt": "2023-09-21T14:43:44Z", "content": "(Bloomberg) -- Bond investors pain isnt over yet, even though the Federal Reserve is done raising interest rates, said Bill Gross, the former chief investment officer of Pacific Investment Management\u2026 [+2258 chars]"}, {"source": {"id": "cbs-news", "name": "CBS News"}, "author": "Camilo Montoya-Galvez", "title": "Unlawful crossings along southern U.S. border reach yearly high", "description": "For only the second time in U.S. history, migrant apprehensions along the southern border surpassed 2 million in a single fiscal year, federal data obtained by CBS News shows.", "url": "https://www.cbsnews.com/news/immigration-unlawful-crossings-along-southern-border-reach-yearly-high/", "urlToImage": "https://assets3.cbsnewsstatic.com/hub/i/r/2023/10/01/281393f3-cf82-4e1a-b876-bb99dcfdf650/thumbnail/1200x630/cf085dd44a553fde79cc4513048230fb/gettyimages-1710101888.jpg?v=42bbcea0e3eaab3fb7d470f54c86b0bd", "publishedAt": "2023-10-02T00:19:17Z", "content": "U.S. immigration agents processed more than 200,000 migrants who crossed the southern border unlawfully in September, the highest level recorded in 2023, as the Biden administration struggles to cont\u2026 [+7738 chars]"}, {"source": {"id": "politico", "name": "Politico"}, "author": "Associated Press", "title": "Jimmy Carter celebrating 99th birthday with family", "description": "\u201cIf Jimmy Carter were a tree, he\u2019d be an towering, old Southern oak,\u201d commentator Donna Brazile said.", "url": "https://www.politico.com/news/2023/10/01/jimmy-carter-celebrating-99th-birthday-with-family-00119314", "urlToImage": "https://static.politico.com/a2/f4/ab1c2ad147b1b026cb29346fc54d/jimmy-carter-birthday-73185.jpg", "publishedAt": "2023-10-01T12:34:35Z", "content": "Despite being global figures, the younger Carter said his grandparents have always made it easy for us, as a family, to be as normal as we can be.\r\nCelebrating the longest-lived U.S. president this w\u2026 [+6289 chars]"}, {"source": {"id": null, "name": "Yahoo Entertainment"}, "author": "Leika Kihara", "title": "Explainer-What will BOJ's policy normalisation path look like?", "description": "The Bank of Japan is under pressure to defend a new cap for long-term interest rates set just six weeks ago, as Governor Kazuo Ueda's hawkish remarks...", "url": "https://finance.yahoo.com/news/explainer-bojs-policy-normalisation-path-032100591.html", "urlToImage": "https://media.zenfs.com/en/reuters-finance.com/63af13a7de358e8f9f9bce4201465fd6", "publishedAt": "2023-09-12T03:21:00Z", "content": "By Leika Kihara\r\nTOKYO (Reuters) - The Bank of Japan is under pressure to defend a new cap for long-term interest rates set just six weeks ago, as Governor Kazuo Ueda's hawkish remarks heightened mar\u2026 [+3696 chars]"}, {"source": {"id": "politico", "name": "Politico"}, "author": "Associated Press", "title": "Jimmy Carter turns 99 at home with Rosalynn and other family", "description": "Tributes rolled in from everywhere.", "url": "https://www.politico.com/news/2023/10/01/jimmy-carter-turns-99-00119366", "urlToImage": "https://static.politico.com/c3/77/c485445645129724798f57766383/https-delivery-gettyimages.com/downloads/1043567870", "publishedAt": "2023-10-01T19:51:15Z", "content": "Despite being global figures, the younger Carter said his grandparents have always made it easy for us, as a family, to be as normal as we can be.\r\nAt The Carter Center in Atlanta, meanwhile, 99 new \u2026 [+6929 chars]"}, {"source": {"id": null, "name": "[Removed]"}, "author": null, "title": "[Removed]", "description": "[Removed]", "url": "https://removed.com", "urlToImage": null, "publishedAt": "1970-01-01T00:00:00Z", "content": "[Removed]"}, {"source": {"id": null, "name": "The Indian Express"}, "author": "ENS Economic Bureau", "title": "India\u2019s corporate credit rating upgrades moderate in H1 FY24", "description": "The number of corporates that witnessed credit rating upgrades in H1 of FY24 outnumbered those who faced downgrades, they said.", "url": "https://indianexpress.com/article/business/indias-corporate-credit-rating-upgrades-moderate-in-h1-fy24-8967190/", "urlToImage": "https://images.indianexpress.com/2023/10/investment-7591.jpg", "publishedAt": "2023-10-03T18:57:14Z", "content": "Corporate Indias credit profile continued to remain strong in the April-September 2023 but the number of rating upgrades declined during the first six months, according to rating agencies.The number \u2026 [+4136 chars]"}, {"source": {"id": null, "name": "Forbes"}, "author": "Nick Sargen, Contributor, \n Nick Sargen, Contributor\n https://www.forbes.com/sites/nicksargen/", "title": "What The US Bond Market\u2019s Capitulation Implies for The Economy", "description": "Just when investors were lulled into complacency, 10-year Treasury yields have surged by a full percentage point since mid-year to the highest level in 16 years.", "url": "https://www.forbes.com/sites/nicksargen/2023/10/06/what-the-us-bond-markets-capitulation-implies-for-the-economy/", "urlToImage": "https://imageio.forbes.com/specials-images/imageserve/651f015bdc6123aa37b6f4a3/0x0.jpg?format=jpg&width=1200", "publishedAt": "2023-10-06T12:38:52Z", "content": "Paper with Treasury bonds on a table\r\ngetty\r\nJust when investors were being lulled into complacency, the rug was pulled out from them as ten- year Treasury yields have surged by a full percentage poi\u2026 [+5968 chars]"}, {"source": {"id": null, "name": "Project Syndicate"}, "author": "Anne O. Krueger", "title": "The Great Debt Conundrum", "description": "When debt levels are high and rising, as they are today across the developing world, crises can erupt suddenly and worsen quickly. To prevent a global catastrophe, the international community must establish mechanisms to ensure timely and fair burden-sharing \u2026", "url": "https://www.project-syndicate.org/commentary/world-economy-needs-new-debt-restructuring-framework-by-anne-o-krueger-2023-09", "urlToImage": "https://webapi.project-syndicate.org/library/721c28521af71c7cd342d3c2a2b69d0a.2-1-super.1.jpg", "publishedAt": "2023-09-19T08:30:34Z", "content": "When debt levels are high and rising, as they are today across the developing world, crises can erupt suddenly and worsen quickly. To prevent a global catastrophe, the international community must es\u2026 [+6021 chars]"}, {"source": {"id": null, "name": "CNA"}, "author": null, "title": "Thailand sticking to digital wallet policy, fiscal discipline - deputy Finance Minister", "description": "BANGKOK : Thailand's government will maintain fiscal discipline and forge ahead with its digital wallet stimulus policy, a deputy finance minister said on Monday, amid concerns from dozens of experts about its viability and efficiency.The policy, which will i\u2026", "url": "https://www.channelnewsasia.com/business/thailand-sticking-digital-wallet-policy-fiscal-discipline-deputy-finance-minister-3831981", "urlToImage": "https://onecms-res.cloudinary.com/image/upload/s--8sChpyKs--/fl_relative,g_south_east,l_one-cms:core:watermark:reuters,w_0.1/f_auto,q_auto/c_fill,g_auto,h_676,w_1200/v1/one-cms/core/2023-10-09t082813z_1_lynxmpej98096_rtroptp_3_thailand-economy.jpg?itok=3SDtQ7dW", "publishedAt": "2023-10-09T08:28:13Z", "content": "BANGKOK : Thailand's government will maintain fiscal discipline and forge ahead with its digital wallet stimulus policy, a deputy finance minister said on Monday, amid concerns from dozens of experts\u2026 [+1606 chars]"}, {"source": {"id": null, "name": "Project Syndicate"}, "author": "Pepe Zhang", "title": "Global Leadership for Latin America and the Caribbean", "description": "There is no shortage of areas where the region\u2019s countries can leverage their strengths to assume a more active global leadership role. But if the region is to seize the opportunities that lie ahead, it must accelerate development progress at home.", "url": "https://www.project-syndicate.org/commentary/latin-america-caribbean-global-leadership-food-climate-finance-by-pepe-zhang-and-otaviano-canuto-2023-09", "urlToImage": "https://webapi.project-syndicate.org/library/996b591c63da4c3e152ed9b13b46f3eb.2-1-super.1.jpg", "publishedAt": "2023-09-12T13:46:46Z", "content": "There is no shortage of areas where the regions countries can leverage their strengths to assume a more active global leadership role. But if the region is to seize the opportunities that lie ahead, \u2026 [+7044 chars]"}, {"source": {"id": null, "name": "Moneycontrol"}, "author": "Moneycontrol News", "title": "Rate-sensitive stocks trades higher ahead of RBI policy decision", "description": "The RBI is expected to hold rates. It will be business as usual if the central bank leaves policy rates unchanged but a tinkering can lead to a sharp gyration in the market, analysts have said", "url": "https://www.moneycontrol.com/news/business/markets/rate-sensitive-stocks-trades-higher-ahead-of-rbi-policy-decision-11487371.html", "urlToImage": "https://images.moneycontrol.com/static-mcnews/2023/09/stocks_sensex_nifty_stockmarket-1-770x433.jpg", "publishedAt": "2023-10-06T04:18:28Z", "content": "Rate-sensitive stocks like auto, banking and real estate were trading marginally higher ahead of the Reserve Bank of India's bi-monthly policy decision announcement on October 6.\r\nThe central bank is\u2026 [+4306 chars]"}, {"source": {"id": null, "name": "Forbes"}, "author": "Simon Moore, Senior Contributor, \n Simon Moore, Senior Contributor\n https://www.forbes.com/sites/simonmoore/", "title": "Markets See Fed Backing Away From A November Rate Hike", "description": "The chances of the Fed hiking at their November 1 decision appear to have diminished based on recent statements from officials and the assessment of fixed income markets.", "url": "https://www.forbes.com/sites/simonmoore/2023/10/10/markets-see-fed-backing-away-from-a-november-rate-hike/", "urlToImage": "https://imageio.forbes.com/specials-images/imageserve/6525c655c420fe6217b601d9/0x0.jpg?format=jpg&height=900&width=1600&fit=bounds", "publishedAt": "2023-10-10T22:27:09Z", "content": "WASHINGTON, DC - JUNE 22: Jerome Powell, Chairman, Board of Governors of the Federal Reserve System ... [+] testifies before the Senate Banking, Housing, and Urban Affairs Committee June 22, 2022 in \u2026 [+3678 chars]"}, {"source": {"id": null, "name": "Phys.Org"}, "author": "John Rennie Short", "title": "Traditional downtowns are dead or dying in many US cities. What's next for these zones?", "description": "The hollowing out of U.S. cities' office and commercial cores is a national trend with serious consequences for millions of Americans. As more people have stayed home following the COVID-19 pandemic, foot traffic has fallen. Major retail chains are closing st\u2026", "url": "https://phys.org/news/2023-09-traditional-downtowns-dead-dying-cities.html", "urlToImage": "https://scx2.b-cdn.net/gfx/news/hires/2022/downtown.jpg", "publishedAt": "2023-09-25T20:50:01Z", "content": "The hollowing out of U.S. cities' office and commercial cores is a national trend with serious consequences for millions of Americans. As more people have stayed home following the COVID-19 pandemic,\u2026 [+7375 chars]"}, {"source": {"id": "politico", "name": "Politico"}, "author": "Matt Berg", "title": "'Weak,' 'Lying like a dead dog': McCarthy faces Republican attacks amid looming shutdown", "description": "The attacks are likely to continue as the Sept. 30 deadline approaches.", "url": "https://www.politico.com/news/2023/09/20/mccarthy-government-shutdown-gaetz-00117027", "urlToImage": "https://static.politico.com/b5/91/aaf441bc4b13af0ebd87d15e8af1/kevin-mccarthy-95547.jpg", "publishedAt": "2023-09-20T16:17:12Z", "content": "Rep. Victoria Spartz: Weak ... another worthless Congress \r\nSpartz, a first-term representative from Indiana, has directly lambasted the House speaker for being weak, blaming him for being unable to \u2026 [+4707 chars]"}, {"source": {"id": null, "name": "CleanTechnica"}, "author": "Guest Contributor", "title": "NEPA, The \u201cMagna Carta\u201d Of Federal Environmental Laws, May Be About To Improve", "description": "The National Environmental Policy Act, or NEPA, is often called the \u201cMagna Carta\u201d of environmental laws. For many communities, the NEPA process is a vital \u2014 sometimes the sole \u2014 tool they have to try to ensure their voices are heard and that environmental jus\u2026", "url": "https://cleantechnica.com/2023/10/02/nepa-the-magna-carta-of-federal-environmental-laws-may-be-about-to-improve/", "urlToImage": "https://cleantechnica.com/files/2021/10/image0-1-e1633813975623.jpeg", "publishedAt": "2023-10-02T15:55:50Z", "content": "Sign up for daily news updates from CleanTechnica on email. Or follow us on Google News!\r\nThe National Environmental Policy Act, or NEPA, is often called the Magna Carta of environmental laws.\r\nFor m\u2026 [+8833 chars]"}, {"source": {"id": "associated-press", "name": "Associated Press"}, "author": "VALERIE GONZALEZ", "title": "BIDEN BUILDING WALL!", "description": "The Department of Homeland Security announced that the Biden administration leveraged sweeping executive power to waive 26 federal laws in South Texas. This is the first time the administration has done this, a practice often employed by the Trump presidency.\u2026", "url": "https://apnews.com/article/border-wall-biden-immigration-texas-rio-grande-147d7ab497e6991e9ea929242f21ceb2", "urlToImage": "https://dims.apnews.com/dims4/default/bea624f/2147483647/strip/true/crop/5184x2916+0+270/resize/1440x810!/quality/90/?url=https%3A%2F%2Fassets.apnews.com%2F2d%2F77%2Fd2773736e810c3feac4cdc3e6871%2F821f8882404b458ea625caab543da615", "publishedAt": "2023-10-05T02:49:36Z", "content": "McALLEN, Texas (AP) The Biden administration announced they waived 26 federal laws in South Texas to allow border wall construction on Wednesday, marking the administrations first use of a sweeping e\u2026 [+4130 chars]"}, {"source": {"id": null, "name": "Bangkok Post"}, "author": "Somruedi Banchongduang", "title": "BoT governor proposes fiscal suggestions", "description": "The government's economic policies should be considered in terms of their medium-term impact amid concerns about fiscal instability, says the head of the Bank of Thailand.", "url": "https://www.bangkokpost.com/business/general/2647270/bot-governor-proposes-fiscal-suggestions", "urlToImage": "https://static.bangkokpost.com/media/content/dcx/2023/09/15/4893146_700.jpg", "publishedAt": "2023-09-14T21:58:00Z", "content": "The government's economic policies should be considered in terms of their medium-term impact amid concerns about fiscal instability, says the head of the Bank of Thailand.\r\nThe central bank affirms t\u2026 [+2575 chars]"}, {"source": {"id": null, "name": "Euronews"}, "author": null, "title": "IMF: Private sector needs to shoulder most of the climate investment burden", "description": "Developing countries need $2 trillion in annual climate investments - IMF says the majority has to come from the private sector.", "url": "https://www.euronews.com/2023/10/05/imf-private-sector-needs-to-shoulder-most-of-the-climate-investment-burden", "urlToImage": "https://static.euronews.com/articles/stories/07/94/04/46/1000x563_cmsv2_11b67170-cd0e-59d6-a1d8-2661b6f5dacb-7940446.jpg", "publishedAt": "2023-10-05T07:17:32Z", "content": "Developing countries need $2 trillion in annual climate investments - IMF says the majority has to come from the private sector.\r\n The International Monetary Fund (IMF) is warning that governments ri\u2026 [+2754 chars]"}]}