{"status": "ok", "totalResults": 2698, "articles": [{"source": {"id": null, "name": "MacRumors"}, "author": "Joe Rossignol", "title": "Apple to Report Earnings on November 2 Following iPhone 15 Launch", "description": "Apple has announced that it will report its earnings results for the fourth quarter of the 2023 fiscal year on Thursday, November 2. The report will be available at 1:30 p.m. Pacific Time on that day, and Apple's CEO Tim Cook and CFO Luca Maestri will discuss\u2026", "url": "https://www.macrumors.com/2023/10/04/apple-q4-2023-earnings-results-date/", "urlToImage": "https://images.macrumors.com/t/NL4l6iHxp0S0F_C3evm831s7d_U=/2880x/article-new/2023/09/iPhone-15-Pro-lineup.jpg", "publishedAt": "2023-10-05T03:49:16Z", "content": "Apple has announced that it will report its earnings results for the fourth quarter of the 2023 fiscal year on Thursday, November 2. The report will be available at 1:30 p.m. Pacific Time on that day\u2026 [+1120 chars]"}, {"source": {"id": null, "name": "Aeaweb.org"}, "author": null, "title": "The Economic Cost of Populism", "description": "(Forthcoming Article) - Populism at the country level is at an all-time high, with more than\r\n25% of nations currently governed by populists. How do economies\r\nperform under populist leaders? We build a new long run cross-\r\ncountry database to study the macro\u2026", "url": "https://www.aeaweb.org/articles?id=10.1257/aer.20202045&from=f", "urlToImage": "https://www.aeaweb.org/journals/images/aer", "publishedAt": "2023-09-16T08:56:47Z", "content": "This website uses cookies.\r\nBy clicking the \"Accept\" button or continuing to browse our site, you agree to first-party and session-only cookies being stored on your device to enhance site navigation \u2026 [+115 chars]"}, {"source": {"id": "business-insider", "name": "Business Insider"}, "author": "Filip De Mott", "title": "Billionaire Ray Dalio reveals the biggest mistake investors make and the top 3 traits he looks for when hiring", "description": "Dalio also revealed that the trait he dislikes most in any person is arrogance, or the ability to be \"confident and wrong.\"", "url": "https://markets.businessinsider.com/news/stocks/ray-dalio-biggest-mistake-investors-stock-valuations-top-hiring-traits-2023-9", "urlToImage": "https://i.insider.com/628cfc5db9dbb40018cb6799?width=1200&format=jpeg", "publishedAt": "2023-09-14T17:18:25Z", "content": "Ray Dalio.Eoin Noonan/Web Summit via Getty Images\r\n<ul>\n<li>Ray Dalio said the biggest mistake investors make is equating strong performance with a good investment.</li>\n<li>He also named three trait\u2026 [+1845 chars]"}, {"source": {"id": "business-insider", "name": "Business Insider"}, "author": "Jennifer Sor", "title": "Russia's economy is headed for stagnation as the path of monetary policy is being chosen 'very poorly,' economists say", "description": "Russian inflation could hit 5.6% this month, the nation's own economists forecasted.", "url": "https://www.businessinsider.com/russia-economy-inflation-putin-ukraine-war-stagnation-interest-rates-hike-2023-9", "urlToImage": "https://i.insider.com/52a22b83ecad040d733c26c8?width=1200&format=jpeg", "publishedAt": "2023-09-21T15:18:53Z", "content": "AP\r\n<ul>\n<li>Russia's economy is stumbling and could be headed for stagnation, economists said.</li>\n<li>That's because policymakers have timed interest rate hikes \"very poorly,\" a new report says.\u00a0<\u2026 [+2228 chars]"}, {"source": {"id": "business-insider", "name": "Business Insider"}, "author": "Filip De Mott", "title": "The US dollar and Argentine peso could exist side by side, says rival to presidential frontrunner Milei", "description": "Patricia Bullrich, the candidate for Argentina's pro-business coalition, would also cut government spending and remove capital controls.", "url": "https://markets.businessinsider.com/news/currencies/us-dollar-argentine-peso-official-tender-presidential-frontrunner-milei-dollarization-2023-9", "urlToImage": "https://i.insider.com/651322ca1c099d0019ad110e?width=1200&format=jpeg", "publishedAt": "2023-09-26T19:28:45Z", "content": "Nora Mazzini\r\n<ul>\n<li>Argentine presidential candidate Patricia Bullrich wants both the dollar and peso to be official currencies.</li>\n<li>This represents a different take versus full dollarization\u2026 [+2030 chars]"}, {"source": {"id": null, "name": "Web3isgoinggreat.com"}, "author": "Molly White", "title": "Bored Apes' Yuga Labs lays off employees", "description": "Even the best known NFT brand can't escape the effects of a collapsing industry. Yuga Labs, the company behind the blue-chip Bored Apes NFTs and related collections, and the acquirers of collections including CryptoPunks, has announced that it will be joining\u2026", "url": "https://web3isgoinggreat.com/single/bored-apes-yuga-labs-lays-off-employees", "urlToImage": "https://storage.googleapis.com/primary-web3/entryImages/resized/bayc-5262_500.webp", "publishedAt": "2023-10-06T22:27:35Z", "content": "Even the best known NFT brand can't escape the effects of a collapsing industry. Yuga Labs, the company behind the blue-chip Bored Apes NFTs and related collections, and the acquirers of collections \u2026 [+530 chars]"}, {"source": {"id": null, "name": "Marginalrevolution.com"}, "author": "Tyler Cowen", "title": "Populism fact of the day", "description": "Populism at the country level is at an all-time high, with more than 25% of nations currently governed by populists. How do economies perform under populist leaders? We build a new long run cross- country database to study the macroeconomic history of populis\u2026", "url": "https://marginalrevolution.com/marginalrevolution/2023/09/populism-fact-of-the-day.html", "urlToImage": "https://marginalrevolution.com/wp-content/uploads/2016/10/MR-logo-thumbnail.png", "publishedAt": "2023-09-16T04:32:52Z", "content": "Populism at the country level is at an all-time high, with more than 25% of nations currently governed by populists. How do economies perform under populist leaders? We build a new long run cross- co\u2026 [+610 chars]"}, {"source": {"id": "business-insider", "name": "Business Insider"}, "author": "Ayelet Sheffey", "title": "The student-loan payment restart is about to put pressure on an already-fragile economy", "description": "Student-loan payments were paused for over three years, and the economy survived without them. That could soon change.", "url": "https://www.businessinsider.com/what-will-happen-to-economy-student-loan-payments-resume-debt-2023-10", "urlToImage": "https://i.insider.com/651c397542ecf94db4769c24?width=1200&format=jpeg", "publishedAt": "2023-10-07T10:08:01Z", "content": "College students.Mark Chilton/Getty Images\r\n<ul><li>The economy bounced back strong after the pandemic, but is showing signs of slowing.</li><li>The resumption of student-loan payments is expected to\u2026 [+4776 chars]"}, {"source": {"id": "business-insider", "name": "Business Insider"}, "author": "Brittany Chang", "title": "Airstream unveiled a new off-road Mercedes-Benz Sprinter camper van for nearly $200,000 as RV shipments continue to slump", "description": "Thor Industries has seen a 37.1% dip in sales compared to the same time in 2022. Maybe Airstream's new camper van can help soften the blow.", "url": "https://www.businessinsider.com/airstream-new-camper-van-rv-almost-200000-photos-2023-9", "urlToImage": "https://i.insider.com/650c5b51bf943d00195cafbf?width=1200&format=jpeg", "publishedAt": "2023-09-22T09:00:06Z", "content": "Airstream's newest almost $200,000 camper van is rugged and ready for off-roading.Airstream\r\n<ul>\n<li>Airstream unveiled its newest camper van: the Interstate 19X starting at $199,940.</li>\n<li>Campe\u2026 [+4691 chars]"}, {"source": {"id": "business-insider", "name": "Business Insider"}, "author": "Molly Grace", "title": "Mortgage Interest Rates Today, September 27, 2023 | Rates Hit New High", "description": "These are today's mortgage and refinance rates. Rates have gone up this week and are now higher than they've been so far in 2023. But they should fall again soon.", "url": "https://www.businessinsider.com/personal-finance/best-mortgage-refinance-rates-today-wednesday-27-2023-9", "urlToImage": "https://i.insider.com/626aa3f9eaaa070018ad5094?width=1200&format=jpeg", "publishedAt": "2023-09-27T10:00:01Z", "content": "Our experts answer readers' home-buying questions and write unbiased product reviews (here's how we assess mortgages). In some cases, we receive a commission from our partners; however, our opinions \u2026 [+4216 chars]"}, {"source": {"id": null, "name": "CNET"}, "author": "Justin Jaffe", "title": "Refinance Rates for Sep. 12, 2023: Rates Tick Higher - CNET", "description": "Several benchmark refinance rates notched upwards over the past week. Though refinance rates change daily, experts expect rates to continue to climb.", "url": "https://www.cnet.com/personal-finance/mortgages/refinance-rates-for-sep-12-2023-rates-tick-higher/", "urlToImage": "https://www.cnet.com/a/img/resize/9f914863848fed5799816892f737bde704cc4d44/hub/2021/01/27/a2074d5b-d05f-4d5d-b48d-000b21c9232c/001-cnet-finance-mortgage-home-purchase.jpg?auto=webp&fit=crop&height=630&width=1200", "publishedAt": "2023-09-12T12:00:10Z", "content": "Both 15-year fixed and 30-year fixed refinances saw their average rates go higher over the past seven days. The average rate on 10-year fixed refinance also saw an increase.\r\nAt the start of the pand\u2026 [+6570 chars]"}, {"source": {"id": null, "name": "CNET"}, "author": "Katherine Watt", "title": "Refinance Rates for Sept. 15, 2023: Rates Drop Off - CNET", "description": "Several important refinance rates ticked downward this week. The Fed's interest rate hikes have affected the refinance market.", "url": "https://www.cnet.com/personal-finance/mortgages/refinance-rates-for-sep-15-2023-rates-drop-off/", "urlToImage": "https://www.cnet.com/a/img/resize/e6f052b5e06ef021221769893306a41077d8f695/hub/2021/01/27/d7957ff8-deab-474a-827b-f82962fc688c/011-cnet-finance-mortgage-home-purchase.jpg?auto=webp&fit=crop&height=630&width=1200", "publishedAt": "2023-09-15T12:00:00Z", "content": "Both 15-year fixed and 30-year fixed refinances saw their mean rates sink this week. The average rate on 10-year fixed refinance also went down.\r\nAt the start of the pandemic, refinance rates hit a h\u2026 [+6708 chars]"}, {"source": {"id": "business-insider", "name": "Business Insider"}, "author": "Robin Madell", "title": "I was laid off twice and ghosted more times than I can count. After heading down a dark spiral, here's how I bounced back.", "description": "Alex Cheney was laid off from two recruiting roles in a year. After getting ghosted for most of the new roles he applied to, he started a business.", "url": "https://www.businessinsider.com/how-started-business-after-getting-laid-off-twice-2023-9", "urlToImage": "https://i.insider.com/6504bce65f9f9c0019b43d53?width=1200&format=jpeg", "publishedAt": "2023-09-19T09:06:01Z", "content": "Alex Cheney.Courtesy of Alex Cheney\r\n<ul><li>Alex Cheney was laid off from recruiting roles at Sendoso and Atlassian within one year.</li><li>He faced high competition, rejection, and ghosting during\u2026 [+7256 chars]"}, {"source": {"id": null, "name": "AppleInsider"}, "author": "news@appleinsider.com (Andrew Orr)", "title": "Demand for iPhone 15 stronger than iPhone 14, Pro models about the same", "description": "The iPhone 15 series has shown some interesting trends regarding wait times, and new data indicates that the new Pro versions are as popular as the iPhone 14 Pro lineup.iPhone 15 Pro models are as popular as the previous lineupIn a note to investors that trac\u2026", "url": "https://appleinsider.com/articles/23/09/27/demand-for-iphone-15-stronger-than-iphone-14-pro-models-about-the-same", "urlToImage": "https://photos5.appleinsider.com/gallery/56553-114943-iPhone-15-pro-max-02-xl.jpg", "publishedAt": "2023-09-27T18:25:21Z", "content": "iPhone 15 Pro models are as popular as the previous lineup\r\nThe iPhone 15 series has shown some interesting trends regarding wait times, and new data indicates that the new Pro versions are as popula\u2026 [+2052 chars]"}, {"source": {"id": null, "name": "Biztoc.com"}, "author": "barrons.com", "title": "Bitcoin Falls, Nearing a Key Level for the Crypto", "description": "Bitcoin and other cryptocurrencies dropped Monday, nearing key price levels, amid a wider slump in risk-sensitive assets as a number of macroeconomic catalysts loom for cryptos ...", "url": "https://biztoc.com/x/4e0e9db57ce06d16", "urlToImage": "https://c.biztoc.com/p/4e0e9db57ce06d16/s.webp", "publishedAt": "2023-09-25T14:04:06Z", "content": "Bitcoin and other cryptocurrencies dropped Monday, nearing key price levels, amid a wider slump in risk-sensitive assets as a number of macroeconomic catalysts loom for cryptos ...\r\nThis story appear\u2026 [+19 chars]"}, {"source": {"id": null, "name": "Investor's Business Daily"}, "author": "Investor's Business Daily", "title": "Nike Stock: Analysts Slash Price Targets On Battered Dow Giant Ahead Of Earnings", "description": "The Dow giant faces soft U.S. sales and China macroeconomic headwinds.", "url": "https://www.investors.com/news/nike-stock-nike-earnings-q1-2024/", "urlToImage": "https://www.investors.com/wp-content/uploads/2017/10/stock-nike-04-shutter.jpg", "publishedAt": "2023-09-26T20:14:29Z", "content": "Dow Jones giant Nike (NKE) reports Q1 2024 results late Thursday. Analysts broadly slashed their price targets on Nike stock ahead of results and expect another difficult quarter for the battered spo\u2026 [+2928 chars]"}, {"source": {"id": null, "name": "9to5Mac"}, "author": "Chance Miller", "title": "Will the iPhone 15 be more expensive?", "description": "Leading up to the announcement of the iPhone 14 last fall, there were rumors that the iPhone 14 Pro models would be more expensive than their predecessors. In the end, Apple kept prices the same\u2026but now the same rumors are circulating ahead of the iPhone 15 P\u2026", "url": "https://9to5mac.com/2023/09/11/iphone-15-prices/", "urlToImage": "https://i0.wp.com/9to5mac.com/wp-content/uploads/sites/6/2023/01/iphone-15-price.jpg?resize=1200%2C628&quality=82&strip=all&ssl=1", "publishedAt": "2023-09-11T18:26:03Z", "content": "Leading up to the announcement of the iPhone 14 last fall, there were rumors that the iPhone 14 Pro models would be more expensive than their predecessors. In the end, Apple kept prices the samebut n\u2026 [+3345 chars]"}, {"source": {"id": null, "name": "CoinDesk"}, "author": "Lyllah Ledesma", "title": "Crypto Custody Firm Ledger Cuts 12% of Staff", "description": "The company cited macroeconomic headwinds limiting the company's ability to drive revenue as a reason for the cuts.", "url": "https://www.coindesk.com/business/2023/10/05/crypto-custody-firm-ledger-cuts-12-of-staff/", "urlToImage": "https://www.coindesk.com/resizer/w-P94lyD1_M5nrR25Kn0gZWX2rk=/1200x628/center/middle/cloudfront-us-east-1.images.arcpublishing.com/coindesk/DRZ6W3JD7JCLTMPSOV5NZIPTDQ.jpg", "publishedAt": "2023-10-05T17:34:27Z", "content": "Please note that ourprivacy policy,terms of use,cookies, anddo not sell my personal informationhas been updated.\r\nThe leader in news and information on cryptocurrency, digital assets and the future o\u2026 [+538 chars]"}, {"source": {"id": null, "name": "Theregister.com"}, "author": "Paul Kunert", "title": "Activist investor to GoDaddy: Cuts costs, improve sales, or sell", "description": "Starboard Blue LLC says management failed to create shareholder goodness, 'change needed'\nGoDaddy needs to cut more jobs, reduce the tech budget, and address why it is falling short of financial targets outlined at its shareholder day in 2022, or the board sh\u2026", "url": "https://www.theregister.com/2023/09/14/acvitist_investor_to_godaddy_cuts/", "urlToImage": "https://regmedia.co.uk/2023/09/14/shutterstock_godaddy_car.jpg", "publishedAt": "2023-09-14T14:20:07Z", "content": "GoDaddy needs to cut more jobs, reduce the tech budget, and address why it is falling short of financial targets outlined at its shareholder day in 2022, or the board should consider exploring a sale\u2026 [+4481 chars]"}, {"source": {"id": null, "name": "AppleInsider"}, "author": "news@appleinsider.com (William Gallagher)", "title": "Analysts say iPhone 15 incremental update will still attract buyers", "description": "Apple's iPhone 15 launch held few surprises, according to multiple analysts, yet because of pricing and selected new features, it is enough to prompt upgraders to buy.Apple ParkWhere Wedbush called the Apple Event \"impressive\" and in part raised its price tar\u2026", "url": "https://appleinsider.com/articles/23/09/13/analysts-say-iphone-15-incremental-update-will-still-attract-buyers", "urlToImage": "https://photos5.appleinsider.com/gallery/56326-114365-000-lead-Apple-Park-xl.jpg", "publishedAt": "2023-09-13T13:41:58Z", "content": "Apple Park\r\nApple's iPhone 15 launch held few surprises, according to multiple analysts, yet because of pricing and selected new features, it is enough to prompt upgraders to buy.\r\nWhere Wedbush call\u2026 [+2681 chars]"}, {"source": {"id": null, "name": "Project Syndicate"}, "author": "Yu Yongding", "title": "China\u2019s Policy-Induced Slowdown", "description": "While there is little doubt that the era of sustained double-digit growth is over, China is well positioned to achieve a significantly higher growth rate than most developed economies in the foreseeable future. The key to success lies in macroeconomic policy.", "url": "https://www.project-syndicate.org/commentary/china-growth-slowdown-reversible-monetary-fiscal-expansion-by-yu-yongding-2023-10", "urlToImage": "https://webapi.project-syndicate.org/library/e432c137e5373c39882cf9d2f2666a79.2-1-super.1.jpg", "publishedAt": "2023-10-03T14:07:23Z", "content": "While there is little doubt that the era of sustained double-digit growth is over, China is well positioned to achieve a significantly higher growth rate than most developed economies in the foreseea\u2026 [+6051 chars]"}, {"source": {"id": null, "name": "Ritholtz.com"}, "author": "Barry Ritholtz", "title": "10 Monday AM Reads", "description": "My Day of Atonement\u00a0 morning reads: \u2022 The Not-So-Magnificent 493: Over the last decade, the revenue of the Magnificent 7 has compounded at 16% a year, while their free cash flow has grown at 13% a year.\u00a0(Irrelevant Investor) \u2022 Why is Rupert Murdoch leaving hi\u2026", "url": "https://ritholtz.com/2023/09/10-monday-am-reads-401/", "urlToImage": "https://ritholtz.com/wp-content/uploads/2023/09/howrich.png", "publishedAt": "2023-09-25T10:30:32Z", "content": "The Not-So-Magnificent 493: Over the last decade, the revenue of the Magnificent 7 has compounded at 16% a year, while their free cash flow has grown at 13% a year.\u00a0(Irrelevant Investor)\r\nWhy is Rupe\u2026 [+2520 chars]"}, {"source": {"id": null, "name": "Yahoo Entertainment"}, "author": "Rob Verdonck", "title": "Oil Steady Near $90 as Tightness Offset by Macroeconomic Concern", "description": "(Bloomberg) -- Oil\u2019s march toward $100 a barrel remained on pause as a rapidly tightening market was balanced concerns that central banks will keep interest ...", "url": "https://finance.yahoo.com/news/oil-steady-near-90-tightness-235831782.html", "urlToImage": "https://media.zenfs.com/en/bloomberg_markets_842/0de1467aff06d922cfd6ceef9fb04e57", "publishedAt": "2023-09-25T23:58:31Z", "content": "(Bloomberg) -- Oils march toward $100 a barrel remained on pause as a rapidly tightening market was balanced concerns that central banks will keep interest rates higher for longer.\r\nMost Read from Bl\u2026 [+802 chars]"}, {"source": {"id": "the-times-of-india", "name": "The Times of India"}, "author": "PTI", "title": "Indian economy gaining strength amid weakening global prospects: RBI article", "description": "The outlook for the global economy remains ambivalent, driven by a dichotomy in macroeconomic conditions across regions, the article on 'State of the Economy' stated. While expectations of a 'Goldilocks' soft landing in the US are strengthening, concerns abou\u2026", "url": "https://economictimes.indiatimes.com/news/economy/indicators/indian-economy-gaining-strength-amid-weakening-global-prospects-rbi-article/articleshow/103761776.cms", "urlToImage": "https://economictimes.indiatimes.com/thumb/msid-103761807,width-1070,height-580,imgsize-73644,overlay-economictimes/photo.jpg", "publishedAt": "2023-09-18T13:41:00Z", "content": "Amid weakening global prospects, the Indian economy is gaining strength led by domestic private consumption and fixed investment with strong public sector capital expenditure, said an article publish\u2026 [+2336 chars]"}, {"source": {"id": null, "name": "Biztoc.com"}, "author": "beincrypto.com", "title": "BlackRock\u2019s About-Face on China: Too Little, Too Late?", "description": "BlackRock, the world\u2019s largest asset manager with $9.4 trillion in assets, has dramatically reversed its pro-China stance in recent days, closing a fund and issuing dire forecasts about China stocks. The asset manager may be pulling back from China out of wel\u2026", "url": "https://biztoc.com/x/5cdb22808914a7ce", "urlToImage": "https://c.biztoc.com/p/5cdb22808914a7ce/s.webp", "publishedAt": "2023-09-20T21:21:06Z", "content": "BlackRock, the worlds largest asset manager with $9.4 trillion in assets, has dramatically reversed its pro-China stance in recent days, closing a fund and issuing dire forecasts about China stocks.T\u2026 [+278 chars]"}, {"source": {"id": null, "name": "Biztoc.com"}, "author": "cointelegraph.com", "title": "US gov\u2019t shutdown looms", "description": "starts the last week of September with a retest of $26,000 as a stubborn range persists. An unimpressive weekly close sets the tone for the culmination of a traditionally lackluster month for BTC price action. Having shaken off a hectic week of macroeconomic \u2026", "url": "https://biztoc.com/x/fe86928210e92411", "urlToImage": "https://c.biztoc.com/p/fe86928210e92411/og.webp", "publishedAt": "2023-09-25T09:38:09Z", "content": "starts the last week of September with a retest of $26,000 as a stubborn range persists.An unimpressive weekly close sets the tone for the culmination of a traditionally lackluster month for BTC pric\u2026 [+295 chars]"}, {"source": {"id": null, "name": "Biztoc.com"}, "author": "asia.nikkei.com", "title": "Vietnam is pointing the way for ASEAN to upgrade its exports", "description": "Hongyan Zhao is an economist with the ASEAN+3 Macroeconomic Research Office in Singapore. Yin Fai Ho is a research analyst with the organization. In the wake of the U.S.-China trade conflict and the COVID-19 pandemic, there has been a notable shift in rhetori\u2026", "url": "https://biztoc.com/x/5ad1c222560325bb", "urlToImage": "https://c.biztoc.com/p/5ad1c222560325bb/s.webp", "publishedAt": "2023-10-05T08:14:10Z", "content": "Hongyan Zhao is an economist with the ASEAN+3 Macroeconomic Research Office in Singapore. Yin Fai Ho is a research analyst with the organization.In the wake of the U.S.-China trade conflict and the C\u2026 [+188 chars]"}, {"source": {"id": null, "name": "Biztoc.com"}, "author": "u.today", "title": "Arzdigital Crypto App Exceeds Two Million Downloads Amid Crypto Boom in Iran", "description": "Arzdigital, one of the largest cryptocurrency trackers and information applications, sets a new visitor record in October 2023. The ecosystem is going through an unprecedented inflow of new customers amid macroeconomic tensions and regulatory uncertainty in t\u2026", "url": "https://biztoc.com/x/6b3d4d3ae9454200", "urlToImage": "https://c.biztoc.com/p/6b3d4d3ae9454200/s.webp", "publishedAt": "2023-10-11T08:40:08Z", "content": "Arzdigital, one of the largest cryptocurrency trackers and information applications, sets a new visitor record in October 2023. The ecosystem is going through an unprecedented inflow of new customers\u2026 [+258 chars]"}, {"source": {"id": null, "name": "Biztoc.com"}, "author": "siliconrepublic.com", "title": "Irish start-ups resilient despite global slowdown", "description": "na Harty takes a look at Ireland\u2019s start-up ecosystem and finds optimistic signs of resilience amid macroeconomic challenges. Recently, KPMG published a report outlining the global decline in VC investment in the first six months of 2023. This was due to risi\u2026", "url": "https://biztoc.com/x/a8a11c443e978ca7", "urlToImage": "https://c.biztoc.com/p/a8a11c443e978ca7/s.webp", "publishedAt": "2023-09-15T14:24:15Z", "content": "na Harty takes a look at Irelands start-up ecosystem and finds optimistic signs of resilience amid macroeconomic challenges.Recently, KPMG published a report outlining the global decline in VC invest\u2026 [+281 chars]"}, {"source": {"id": null, "name": "9to5Mac"}, "author": "Bradley Chambers", "title": "JumpCloud finds that 56% of US-based IT professionals expect macOS usage to increase in the next year", "description": "JumpCloud has released its Q2 2023 small to medium-sized enterprise (SME) IT Trends Report, \u201cFlexibility and Ingenuity: What\u2019s Powering Small and Medium-Sized Enterprise IT Management in 2023\u201d that highlights some interesting trends for Apple and its continue\u2026", "url": "https://9to5mac.com/2023/09/12/jumpcloud-survey/", "urlToImage": "https://i0.wp.com/9to5mac.com/wp-content/uploads/sites/6/2023/09/JumpCloud-Press-Release-6-1.png?resize=1200%2C628&quality=82&strip=all&ssl=1", "publishedAt": "2023-09-12T12:00:00Z", "content": "JumpCloud has released its Q2 2023 small to medium-sized enterprise (SME) IT Trends Report, Flexibility and Ingenuity: Whats Powering Small and Medium-Sized Enterprise IT Management in 2023\u201d that hig\u2026 [+4027 chars]"}, {"source": {"id": null, "name": "PetaPixel"}, "author": "Lisa Marie Segarra", "title": "Google\u2019s Pixel is the Only Brand To Ship More Smartphones Last Quarter", "description": "Only the Google Pixel was able to gain some more popularity when compared to last year, even doubling its market share. It is the only smartphone manufacturer to move in a positive direction.\n[Read More]", "url": "https://petapixel.com/2023/09/28/googles-pixel-is-the-only-brand-to-ship-more-smartphones-last-quarter/", "urlToImage": "https://petapixel.com/assets/uploads/2023/09/google-pixel-growth.jpg", "publishedAt": "2023-09-28T19:06:48Z", "content": "Only the Google Pixel was able to gain some more popularity when compared to last year, even doubling its market share. It is the only smartphone manufacturer to move in a positive direction. \r\nThe G\u2026 [+2348 chars]"}, {"source": {"id": "rt", "name": "RT"}, "author": "RT", "title": "Ruble exchange rate to dollar doesn\u2019t matter \u2013 Kremlin", "description": "The Russian government does not see a weakening ruble as a threat to macroeconomic stability, the Kremlin spokesman has said Read Full Article at RT.com", "url": "https://www.rt.com/business/583962-ruble-dollar-exchange-rate/", "urlToImage": "https://mf.b37mrtl.ru/files/2023.10/article/651c249385f54056ca354c85.jpg", "publishedAt": "2023-10-03T15:11:24Z", "content": "The Russian currency\u2019s continued backslide against the US dollar is not a reason for concern, Kremlin spokesperson Dmitry Peskov stated on Tuesday, calling such worries a \u201cremnant of the past.\u201d\r\nThe \u2026 [+1190 chars]"}, {"source": {"id": "time", "name": "Time"}, "author": "Andrew R. Chow", "title": "The Legacy of GameStop Isn\u2019t as Triumphant as Dumb Money Suggests", "description": "The movie \"Dumb Money\" depicts the GameStop stock craze as a David and Goliath story. The truth is a little more complicated.", "url": "https://time.com/6312307/gamestop-meme-stocks-dumb-money/", "urlToImage": "https://api.time.com/wp-content/uploads/2023/09/DF-00595_r.jpg?quality=85", "publishedAt": "2023-09-12T14:11:38Z", "content": "In early 2021, millions of ordinary people across the United States began buying shares of the declining video game store GameStop in increments of tens, hundreds or thousands of dollars. Their inves\u2026 [+9670 chars]"}, {"source": {"id": "the-times-of-india", "name": "The Times of India"}, "author": "Nikita Periwal", "title": "Vedanta demerger plan credit negative: CreditSights", "description": "CreditSights has maintained its 'buy' recommendation for Vedanta Resources but said it would prefer April 2026 bonds of the company.", "url": "https://economictimes.indiatimes.com/markets/bonds/vedanta-demerger-plan-credit-negative-creditsights/articleshow/104143765.cms", "urlToImage": "https://img.etimg.com/thumb/msid-104143770,width-1200,height-630,imgsize-21612,overlay-etmarkets/photo.jpg", "publishedAt": "2023-10-04T00:11:42Z", "content": "Godrej Looks to Lock in Terms of Split SoonThe Godrej Group, the 1.76-lakh-crore conglomerate that began its industrial journey five decades before Independence selling locks to the citizens of a the\u2026 [+756 chars]"}, {"source": {"id": null, "name": "Yahoo Entertainment"}, "author": "Soumya Eswaran", "title": "Do You Think CME Group (CME) is Well-Positioned to Benefit from Favorable Macroeconomic Tailwinds?", "description": "Ariel Investments, an investment management company, released its \u201cAriel Global Fund\u201d second-quarter 2023 investor letter. A copy of the same can be...", "url": "https://finance.yahoo.com/news/think-cme-group-cme-well-065506657.html", "urlToImage": "https://media.zenfs.com/en/insidermonkey.com/12f5c7ca23789c7407214409763ffd25", "publishedAt": "2023-09-14T06:55:06Z", "content": "Ariel Investments, an investment management company, released its Ariel Global Fund second-quarter 2023 investor letter. A copy of the same can be\u00a0downloaded here. In the second quarter, the Ariel Gl\u2026 [+2213 chars]"}, {"source": {"id": null, "name": "Cointelegraph"}, "author": "Cointelegraph By Turner Wright", "title": "Ledger lays off 12% of staff, citing 'macroeconomic headwinds'", "description": "The wallet manufacturing firm reportedly had roughly 734 employees at the time of publication, suggesting that roughly 88 people may have lost their jobs.", "url": "https://cointelegraph.com/news/ledger-staff-layoffs-macroeconomic-headwinds", "urlToImage": "https://images.cointelegraph.com/images/1200_aHR0cHM6Ly9zMy5jb2ludGVsZWdyYXBoLmNvbS91cGxvYWRzLzIwMjMtMTAvODRlN2Y4OWQtMzEyZS00OGZiLWJlOTQtZTI4YWQ0ZDVmOWRlLmpwZw==.jpg", "publishedAt": "2023-10-05T19:06:25Z", "content": "Pascal Gauthier, CEO and chair of hardware crypto wallet manufacturer Ledger, has announced the firm will be reducing its staff by 12%.\r\nIn an Oct. 5 blog post, Gauthier said the staff cuts had been \u2026 [+1394 chars]"}, {"source": {"id": null, "name": "Unity.com"}, "author": null, "title": "Unity Announces Leadership Transition", "description": "Comments", "url": "https://investors.unity.com/news/news-details/2023/Unity-Announces-Leadership-Transition/default.aspx", "urlToImage": null, "publishedAt": "2023-10-09T22:41:02Z", "content": "SAN FRANCISCO--(BUSINESS WIRE)-- \r\nUnity (NYSE: U) (the Company), the worlds leading platform for creating and growing real-time 3D (RT3D) content, today announced that John Riccitiello will retire a\u2026 [+8329 chars]"}, {"source": {"id": null, "name": "Yahoo Entertainment"}, "author": "Brooke DiPalma", "title": "Why Walmart's CEO isn't worried about the economy as the stock hits all-time highs", "description": "Walmart stock hit an all-time high again on Tuesday as the retailer assured investors it can withstand any macroeconomic environment.", "url": "https://finance.yahoo.com/news/why-walmarts-ceo-isnt-worried-about-the-economy-as-the-stock-hits-all-time-highs-200723794.html", "urlToImage": "https://s.yimg.com/ny/api/res/1.2/ePgaEKorNX5GlGUMzsub6A--/YXBwaWQ9aGlnaGxhbmRlcjt3PTEyMDA7aD04MDA-/https://s.yimg.com/os/creatr-uploaded-images/2023-08/54b9fed0-48da-11ee-bcfe-84a9e9c738e0", "publishedAt": "2023-09-12T20:07:23Z", "content": "Walmart's CEO isn't too concerned about all the pressures on American shoppers.\r\n\"We actually don't worry that much about whether the economy grows 3%, 2%, [or] shrinks 1%,\" Walmart CEO Doug McMillon\u2026 [+3383 chars]"}, {"source": {"id": null, "name": "Yahoo Entertainment"}, "author": "Stephanie Kelly", "title": "Oil prices stable as market awaits data on inventories, economy", "description": "Brent crude futures hovered just above $90 a barrel on Tuesday, as investors awaited a slew of macroeconomic data due later this week that could indicate...", "url": "https://finance.yahoo.com/news/oil-prices-stable-market-awaits-004409440.html", "urlToImage": "https://media.zenfs.com/en/reuters-finance.com/78b62b7d7f1ce66476dce669e0f54f20", "publishedAt": "2023-09-12T00:44:09Z", "content": "By Stephanie Kelly\r\n(Reuters) - Brent crude futures hovered just above $90 a barrel on Tuesday, as investors awaited a slew of macroeconomic data due later this week that could indicate whether Europ\u2026 [+1487 chars]"}, {"source": {"id": null, "name": "Yahoo Entertainment"}, "author": "Rob Verdonck", "title": "Oil Extends Drop Below $90 as Rate Concerns Overshadow Tightness", "description": "(Bloomberg) -- Oil fell for a fourth straight day as macroeconomic concerns overshadowed physical market tightness to cloud the demand outlook. Most Read...", "url": "https://finance.yahoo.com/news/oil-extends-drop-below-90-001659911.html", "urlToImage": "https://s.yimg.com/ny/api/res/1.2/HExfzkQZRoK_kgnaAE9VkA--/YXBwaWQ9aGlnaGxhbmRlcjt3PTEyMDA7aD04MDA-/https://media.zenfs.com/en/bloomberg_markets_842/0d16f937cf35ed4a48248e319db8b1d3", "publishedAt": "2023-10-03T00:16:59Z", "content": "(Bloomberg) -- Oil fell for a fourth straight day as macroeconomic concerns overshadowed physical market tightness to cloud the demand outlook.\r\nMost Read from Bloomberg\r\nWest Texas Intermediate trad\u2026 [+1180 chars]"}, {"source": {"id": null, "name": "Biztoc.com"}, "author": "marketwatch.com", "title": "The Tell: S&P 500 sector correlations are low, a welcome sign for 2023 bull market, says DataTrek", "description": "U.S. stocks remain in a strong bull market despite recent choppiness, as the correlations between 11 S&P 500 sectors and the major index are sending some positive signs, according to DataTrek Research. The S&P 500\u2019s sector correlations to the large-cap index \u2026", "url": "https://biztoc.com/x/e0c5e080270d3d76", "urlToImage": "https://c.biztoc.com/p/e0c5e080270d3d76/s.webp", "publishedAt": "2023-09-12T19:36:07Z", "content": "U.S. stocks remain in a strong bull market despite recent choppiness, as the correlations between 11 S&amp;P 500 sectors and the major index are sending some positive signs, according to DataTrek Res\u2026 [+328 chars]"}, {"source": {"id": null, "name": "Biztoc.com"}, "author": "edition.cnn.com", "title": "Consumers are still spending on nice things, if they\u2019re on trend", "description": "American consumers aren\u2019t tired of shopping. They\u2019re shopping more prudently, with an eye on getting the best value, sure. But they\u2019re also rewarding the stores that are betting big on the right trends at the right time, for the right price. US households, to\u2026", "url": "https://biztoc.com/x/9b60335908fb5d1b", "urlToImage": "https://c.biztoc.com/p/9b60335908fb5d1b/s.webp", "publishedAt": "2023-09-25T12:38:15Z", "content": "American consumers arent tired of shopping. Theyre shopping more prudently, with an eye on getting the best value, sure. But theyre also rewarding the stores that are betting big on the right trends \u2026 [+296 chars]"}, {"source": {"id": null, "name": "Biztoc.com"}, "author": "cointelegraph.com", "title": "FOMC versus BTC price \u2018local bottom\u2019", "description": "starts the new week with optimism as traders greet the first green weekly candle in over a month. BTC price strength appears to be gradually improving after a weak August and start of September, with BTC/USD climbing toward $27,000. A solid weekly close provi\u2026", "url": "https://biztoc.com/x/9766e65c8e1b5102", "urlToImage": "https://c.biztoc.com/p/9766e65c8e1b5102/s.webp", "publishedAt": "2023-09-18T13:57:06Z", "content": "starts the new week with optimism as traders greet the first green weekly candle in over a month.BTC price strength appears to be gradually improving after a weak August and start of September, with \u2026 [+315 chars]"}, {"source": {"id": null, "name": "Biztoc.com"}, "author": "cnn.com", "title": "Consumers are still spending on nice things, if they\u2019re on trend", "description": "American consumers aren\u2019t tired of shopping. They\u2019re shopping more prudently, with an eye on getting the best value, sure. But they\u2019re also rewarding the stores that are betting big on the right trends at the right time, for the right price. US households, to\u2026", "url": "https://biztoc.com/x/2c3b5f507492cb1c", "urlToImage": "https://c.biztoc.com/p/2c3b5f507492cb1c/og.webp", "publishedAt": "2023-09-26T13:28:12Z", "content": "American consumers arent tired of shopping. Theyre shopping more prudently, with an eye on getting the best value, sure. But theyre also rewarding the stores that are betting big on the right trends \u2026 [+290 chars]"}, {"source": {"id": null, "name": "TechSpot"}, "author": "Rob Thubron", "title": "Smartphone market sees worst quarterly performance in over a decade, but Google defies trend", "description": "The latest Canalys report on the state of the North American smartphone market shows that overall shipments were down 22% in the second quarter. The finger of blame is being pointed at macroeconomic challenges such as rising interest rates and persistent infl\u2026", "url": "https://www.techspot.com/news/100309-smartphone-market-sees-worst-quarterly-performance-over-decade.html", "urlToImage": "https://www.techspot.com/images2/news/bigimage/2022/12/2022-12-23-image-5.jpg", "publishedAt": "2023-09-28T11:26:00Z", "content": "In brief: There has been a lot of talk about North American industries showing signs of recovery over the last few months, but it seems nobody told the smartphone market. The segment's second quarter\u2026 [+2450 chars]"}, {"source": {"id": null, "name": "Small Business Trends"}, "author": "Small Business Editor", "title": "US Small Businesses Lean on Credit Cards Amid Inflation and Funding Challenges", "description": "Intuit's 2023 report reveals the rising credit card use by US small businesses amidst inflation, soaring interest rates, and funding woes.", "url": "https://smallbiztrends.com/2023/10/us-small-businesses-lean-on-credit-cards-amid-inflation-and-funding-challenges.html", "urlToImage": "https://smallbiztrends.com/wp-content/themes/sahifa/images/logo-full.jpg", "publishedAt": "2023-10-11T12:30:03Z", "content": "Intuits inaugural 2023 QuickBooks Small Business Index Annual Report brings to light small businesses profound challenges in the US, Canada, and the UK. The report analyzes the effects of macroeconom\u2026 [+3715 chars]"}, {"source": {"id": null, "name": "The Indian Express"}, "author": "Express Web Desk", "title": "Sensex slips 76 pts, Nifty falls to 19,977; midcap, smallcap indices down over 0.7%", "description": "Barring India Vix, all broader market indices dragged in the opening session, as Nifty Midcap 100 slipped 0.72 per cent, Nifty Midcap 150 fell 0.69 per cent", "url": "https://indianexpress.com/article/business/market/stock-market-live-today-sensex-nifty-midcap-smallcap-it-stocks-8937628/", "urlToImage": "https://images.indianexpress.com/2023/09/sensex-stock-market-759-1.jpg", "publishedAt": "2023-09-13T04:18:46Z", "content": "Domestic equities opened little changed on Wednesday, as the benchmark indices witnessed profit-taking at near-record high levels after positive macroeconomic data. The Nifty50 index slipped 0.02 per\u2026 [+1012 chars]"}, {"source": {"id": null, "name": "The Indian Express"}, "author": "Anjaly Raj", "title": "\u2018Cautious optimism\u2019: Experts welcome RBI\u2019s move to continue with pause on repo rate hike", "description": "BankBazaar CEO Adhil Shetty said, \"The RBI\u2019s view is that developed economies are nearing a peaking of rates. This is welcome, although inflation is expected to remain elevated for longer than anticipated.\"", "url": "https://indianexpress.com/article/business/banking-and-finance/experts-rbi-monetary-policy-repo-rate-hike-pause-8971285/", "urlToImage": "https://images.indianexpress.com/2023/10/reservebank1.jpg", "publishedAt": "2023-10-06T10:59:42Z", "content": "The Reserve Bank of India\u2019s (RBI\u2019s) move to continue with the pause on repo rate hikes in its October bimonthly policy meeting was welcomed by experts on Friday.BankBazaar CEO Adhil Shetty said, \u201cThe\u2026 [+4024 chars]"}, {"source": {"id": null, "name": "Econbrowser.com"}, "author": "Menzie Chinn", "title": "Conference: \u201cUncertainty, Economic Activity, and Forecasting in a Changing Environment\u201d", "description": "Sept 21-22, at the University of Padua,\u00a0organized by International Institute of Forecasters, University of Padua, American University, Federal Reserve Bank of Atlanta, and IMF. Day 1, Thursday September 21 Welcome address by Efrem Castelnuovo (University of P\u2026", "url": "https://econbrowser.com/archives/2023/09/conference-uncertainty-economic-activity-and-forecasting-in-a-changing-environment", "urlToImage": null, "publishedAt": "2023-09-18T06:25:56Z", "content": "Sept 21-22, at the University of Padua,\u00a0organized by International Institute of Forecasters, University of Padua, American University, Federal Reserve Bank of Atlanta, and IMF.Day 1, Thursday Septemb\u2026 [+4445 chars]"}, {"source": {"id": null, "name": "Theregister.com"}, "author": "Dan Robinson", "title": "AI chip biz Graphcore seeks capital to remain going concern", "description": "Lets off more than 100 staff in US and UK, shutters offices in three countries\nAI chip startup Graphcore must raise new funds from investors within the next few months in order to offset mounting losses incurred over the prior financial year, and remain a \"go\u2026", "url": "https://www.theregister.com/2023/10/06/brit_ai_chip_outfit_graphcore/", "urlToImage": "https://regmedia.co.uk/2020/11/07/money.jpg", "publishedAt": "2023-10-06T14:26:10Z", "content": "AI chip startup Graphcore must raise new funds from investors within the next few months in order to offset mounting losses incurred over the prior financial year, and remain a \"going concern.\"\r\nThe \u2026 [+4602 chars]"}, {"source": {"id": null, "name": "Theregister.com"}, "author": "Connor Jones", "title": "CISOs' salary growth slows \u2013 with pay gap widening", "description": "We still doubt any infosec leaders will be going without heating this winter\nThe gap between the top and bottom-earning CISOs is growing wider, with the highest-paid execs having their salaries increased at three times the rate of those at the lower echelons.\u2026", "url": "https://www.theregister.com/2023/10/11/cisos_salary_growth_slows/", "urlToImage": "https://regmedia.co.uk/2023/10/11/shutterstock_ciso.jpg", "publishedAt": "2023-10-11T14:36:06Z", "content": "The gap between the top and bottom-earning CISOs is growing wider, with the highest-paid execs having their salaries increased at three times the rate of those at the lower echelons.\r\nThat's accordin\u2026 [+3836 chars]"}, {"source": {"id": null, "name": "Moneycontrol"}, "author": "Moneycontrol News", "title": "Commodity Market: Crude oil at $90 per barrel, copper rebounds", "description": "On September 12, Brent crude futures hovered just above $90 a barrel as investors awaited a slew of macroeconomic data due later this week that could indicate whether Europe and the U.S. will continue to hike interest rates.", "url": "https://www.moneycontrol.com/news/business/commodities/commodity-market-crude-oil-at-90-per-barrel-copper-rebounds-11351351.html", "urlToImage": "https://images.moneycontrol.com/static-mcnews/2023/06/399040609-770x433.jpg", "publishedAt": "2023-09-12T02:54:34Z", "content": "Traders await a slew of macroeconomic data due later this week that could indicate whether Europe and the U.S. will raise interest rates,\u00a0as brent crude futures hovered just above $90 a barrel on Sep\u2026 [+1202 chars]"}, {"source": {"id": null, "name": "CNET"}, "author": "Katherine Watt", "title": "Mortgage Refinance Rates on Sept. 14, 2023: Rates Slide - CNET", "description": "Multiple important refinance rates fell this week. The Fed's interest rate hikes have affected the refinance market.", "url": "https://www.cnet.com/personal-finance/mortgages/mortgage-refinance-rates-on-sep-14-2023-rates-slide/", "urlToImage": "https://www.cnet.com/a/img/resize/ab66a73bd9daa5d06de15f5759b1a62883b1576f/hub/2021/01/27/6ea4bd99-b9c4-4ea8-9a93-a0d3adca7ff8/052-cnet-finance-mortgage-home-purchase.jpg?auto=webp&fit=crop&height=630&width=1200", "publishedAt": "2023-09-14T12:00:00Z", "content": "Both 15-year fixed and 30-year fixed refinances saw their average rates decline this week. The average rates for 10-year fixed refinances also shrank.\r\nAt the start of the pandemic, refinance rates h\u2026 [+6808 chars]"}, {"source": {"id": null, "name": "International Business Times"}, "author": "Nica Osorio", "title": "Yuga Labs, Ledger Lay Off Staff, Citing 'Macroeconomic Headwinds' And 'Restructuring'", "description": "A report said that more than 173,939 workers at U.S.-based tech companies have been laid off in mass job cuts so far in 2023.", "url": "https://www.ibtimes.com/yuga-labs-ledger-lay-off-staff-citing-macroeconomic-headwinds-restructuring-3714111", "urlToImage": "https://d.ibtimes.com/en/full/4488110/4.jpg", "publishedAt": "2023-10-09T09:52:48Z", "content": "Blockchain technology company Yuga Labs and hardware cryptocurrency wallet maker Ledger joined other tech companies in downsizing their workforce, citing \"macroeconomic headwinds\" and \"restructuring\"\u2026 [+4198 chars]"}, {"source": {"id": null, "name": "Medium"}, "author": "Erik Kannike", "title": "Building a defence startup: 6 lessons I\u2019ve learned", "description": "Context: These lessons are based on my time working in the defence innovation sector and currently as the Chief Strategy Officer at SensusQ, an Estonia based startup applying AI to revolutionize the\u2026", "url": "https://medium.com/@ErikKannike/building-a-defence-startup-6-lessons-ive-learned-11619b3a514e", "urlToImage": "https://miro.medium.com/v2/resize:fit:1200/0*gHvig-a_w6Ctbdcf.jpg", "publishedAt": "2023-09-27T11:02:21Z", "content": "Context: These lessons are based on my time working in the defence innovation sector and currently as the Chief Strategy Officer at SensusQ, an Estonia based startup applying AI to revolutionize the \u2026 [+9751 chars]"}, {"source": {"id": null, "name": "Substack.com"}, "author": "John Cutler", "title": "Capital Inefficiency", "description": "In this post, we will explore capital (in)efficiency and why the current preoccupation with developer productivity (and efficiency overall) is a symptom of something else. We will discuss layoffs, trust, personal identity, and interest rates. It\u2019s going to ge\u2026", "url": "https://cutlefish.substack.com/p/tbm-243-capital-inefficiency", "urlToImage": "https://substackcdn.com/image/fetch/w_1200,h_600,c_fill,f_jpg,q_auto:good,fl_progressive:steep,g_auto/https%3A%2F%2Fsubstack-post-media.s3.amazonaws.com%2Fpublic%2Fimages%2Fbdd7859e-1050-4376-a7f3-6b23215d976b_1024x1024.png", "publishedAt": "2023-10-05T23:10:17Z", "content": "In this post, we will explore capital (in)efficiency and why the current preoccupation with developer productivity (and efficiency overall) is a symptom of something else. We will discuss layoffs, tr\u2026 [+8035 chars]"}, {"source": {"id": null, "name": "Forbes"}, "author": "Brendan Ahern, Senior Contributor, \n Brendan Ahern, Senior Contributor\n https://www.forbes.com/sites/brendanahern/", "title": "Golden Week Looks Golden Though Hong Kong & Asia Hit", "description": "Asia equities were off on light volumes as Hong Kong underperformed as Mainland China and South Korea were closed for holidays.", "url": "https://www.forbes.com/sites/brendanahern/2023/10/03/golden-week-looks-golden-though-hong-kong--asia-hit/", "urlToImage": "https://imageio.forbes.com/specials-images/imageserve/651c2633e50aec88d2cf1ece/0x0.jpg?format=jpg&width=1200", "publishedAt": "2023-10-03T14:36:20Z", "content": "China Last Night\r\nKraneShares\r\nKey News\r\nAsia equities were off on light volumes as Hong Kong underperformed as Mainland China and South Korea were closed for holidays.\r\nBreadth (advancers versus dec\u2026 [+3077 chars]"}, {"source": {"id": null, "name": "Thedailyupside.com"}, "author": "newsfeedback@fool.com (Isobel Asher Hamilton from The Daily Upside)", "title": "G7 Plans Russian Diamond Crackdown, Industry Says 'Not so Fast'", "description": "You'd think diamonds could take a little pressure. The Financial Times reports that a G7 plan to crack down on sanctioned Russian diamonds, which...", "url": "https://www.thedailyupside.com/policy-power/geopolitics/g7-plans-russian-diamond-crackdown-industry-says-not-so-fast/", "urlToImage": "https://www.thedailyupside.com/wp-content/uploads/2023/09/2_diamonds_09-21-23_unsplash-Akhilesh-Sharma.png", "publishedAt": "2023-09-21T01:00:11Z", "content": "Youd think diamonds could take a little pressure.\r\nTheFinancial Times reports that a G7 plan to crack down on sanctioned Russian diamonds, which is due to come into force next year, has run into resi\u2026 [+2262 chars]"}, {"source": {"id": null, "name": "Quartz India"}, "author": "Julia Malleck", "title": "Coke is launching a new drink \"co-created\" with AI", "description": "Coca-Cola launched an \u201cAI-powered\u201d beverage this week, joining a growing list of companies in the food industry relying on the technology for R&D\u2014and to generate hype. Coca-Cola Y3000, as the drink has been dubbed, was \u201cco-created\u201d with AI, according to a Sep\u2026", "url": "https://qz.com/coke-launch-coca-cola-y3000-ai-drink-1850838456", "urlToImage": "https://i.kinja-img.com/gawker-media/image/upload/c_fill,f_auto,fl_progressive,g_center,h_675,pg_1,q_80,w_1200/3714b684556f8ada0c953e8fa3b31fa9.jpg", "publishedAt": "2023-09-14T16:47:07Z", "content": "Coca-Cola launched an AI-powered beverage this week, joining a growing list of companies in the food industry relying on the technology for R&amp;Dand to generate hype. Coca-Cola Y3000, as the drink \u2026 [+3060 chars]"}, {"source": {"id": null, "name": "Retail Dive"}, "author": "Nate Delesline III", "title": "\u200bCan Express survive a new era of apparel?", "description": "As profits decline and earning momentum slows, the retailer is working to regain profitability and expand its brand in a tough macroeconomic environment.", "url": "https://www.retaildive.com/news/can-express-survive-a-new-era-of-apparel/693336/", "urlToImage": "https://www.retaildive.com/imgproxy/ZkjHEbLrSO66Hmy26J4q0EAFkZqyvQc4CklztHZPHzw/g:ce/rs:fill:770:435:0/bG9jYWw6Ly8vZGl2ZWltYWdlL0V4cHJlc3NfQW1lcmljYW5fRHJlYW1fRXh0ZXJpb3IuanBn.jpg", "publishedAt": "2023-09-25T14:31:00Z", "content": "When Express debuted about 40 years ago, the retailer was focused on making business casual apparel trendy, appealing, mainstream and accessible in malls - the most important sales channel at the tim\u2026 [+12212 chars]"}, {"source": {"id": "al-jazeera-english", "name": "Al Jazeera English"}, "author": "Al Jazeera", "title": "US launches new economic working groups with China in bid to quell tension", "description": "US Treasury Secretary Janet Yellen says working groups mark 'important step forward' in relationship with China.", "url": "https://www.aljazeera.com/news/2023/9/22/us-launches-new-economic-working-groups-with-china-in-bid-to-quell-tension", "urlToImage": "https://www.aljazeera.com/wp-content/uploads/2023/05/2023-05-21T140944Z_1515627713_RC2FC0AOSNTE_RTRMADP_3_USA-DEBT-YELLEN-1684801198.jpg?resize=1920%2C1440", "publishedAt": "2023-09-22T12:43:53Z", "content": "The United States has launched new economic and financial working groups with China, as the two major powers seek to deepen communication amid intensifying competition.\r\nThe US Department of Treasury\u2026 [+2793 chars]"}, {"source": {"id": null, "name": "Forbes"}, "author": "Emily Mason, Forbes Staff, \n Emily Mason, Forbes Staff\n https://www.forbes.com/sites/emilymason/", "title": "Fintech Startup Synapse Lays Off 40% Of Workforce After Losing Mercury As A Client", "description": "The San Francisco-based company laid off 86 full-time employees after losing one of its largest clients, business banking fintech Mercury.", "url": "https://www.forbes.com/sites/emilymason/2023/10/07/fintech-startup-synapse-lays-off-40-of-workforce-after-losing-mercury-as-a-client/", "urlToImage": "https://imageio.forbes.com/specials-images/imageserve/6521a239603b5d9253e6d723/0x0.jpg?format=jpg&width=1200", "publishedAt": "2023-10-07T19:00:07Z", "content": "Person holds a smartphone with mobile banking icons projection\r\ngetty\r\nBanking-as-a-service platform Synapse laid off 40% of its workforce, or 86 employees, on Monday, October 2.\r\nSynapses platform h\u2026 [+1683 chars]"}, {"source": {"id": null, "name": "Econbrowser.com"}, "author": "Menzie Chinn", "title": "Business Cycle Indicators, Pre- and Post-Comprehensive Revision", "description": "The BEA comprehensive revisions combined with August data changes the business cycle picture somewhat. The downturn in personal income ex-transfers and manufacturing and trade industry sales in 2022H1 look a lot bigger. First, the pre-comprehensive revision o\u2026", "url": "https://econbrowser.com/archives/2023/09/business-cycle-indicators-pre-and-post-comprehensive-revision", "urlToImage": null, "publishedAt": "2023-09-29T20:46:29Z", "content": "The BEA comprehensive revisions combined with August data changes the business cycle picture somewhat. The downturn in personal income ex-transfers and manufacturing and trade industry sales in 2022H\u2026 [+1714 chars]"}, {"source": {"id": null, "name": "CoinDesk"}, "author": "Lyllah Ledesma", "title": "First Mover Americas: Ether ETFs Struggle to Gain Traction in First Week", "description": "The latest price moves in bitcoin (BTC) and crypto markets in context for Oct. 6, 2023. First Mover is CoinDesk\u2019s daily newsletter that contextualizes the latest actions in the crypto markets.", "url": "https://www.coindesk.com/markets/2023/10/06/first-mover-americas-ether-etfs-struggle-to-gain-traction-in-first-week/", "urlToImage": "https://www.coindesk.com/resizer/jI7_swNsO1f0IFBpLW2zvMaXiEk=/1200x628/center/middle/cloudfront-us-east-1.images.arcpublishing.com/coindesk/VD27PQSTP5FBJOJN3BAGFWONPU.png", "publishedAt": "2023-10-06T12:12:01Z", "content": "This article originally appeared in First Mover, CoinDesks daily newsletter putting the latest moves in crypto markets in context. Subscribe to get it in your inbox every day.\r\nEther (ETH) and bitcoi\u2026 [+2268 chars]"}, {"source": {"id": null, "name": "The Daily Caller"}, "author": "Nick Pope", "title": "Offshore Wind Company Wants To Pay Large Fine to Break Contract In Latest Sign Of Trouble For Industry", "description": "A major offshore wind company requested to cancel contracts with two utility companies in the Northeast on Monday after macroeconomic factors have eaten into the East Coast project&#039;s profitability.", "url": "https://dailycaller.com/2023/10/04/offshore-wind-company-fine-contract-utility-trouble-industry/", "urlToImage": "https://cdn01.dailycaller.com/wp-content/uploads/2023/10/GettyImages-1407548978-scaled-e1696445314630.jpg", "publishedAt": "2023-10-04T19:50:07Z", "content": "<ul><li>Avangrid, a major offshore wind company, is poised to pay a considerable fine to get out of its power purchase agreements (PPAs) with utility companies pursuant to its Park City project off t\u2026 [+6093 chars]"}, {"source": {"id": null, "name": "Computerworld"}, "author": "Anirban Ghoshal", "title": "Alphabet layoffs: Company trades recruitment team for tech talent", "description": "Google-parent Alphabet late on Wednesday let go of hundreds of employees from its recruiting team in continuation of its efforts to operate more efficiently as macroeconomic uncertainty looms.\r\nThe company, which faces stiff competition from Microsoft, AWS, I\u2026", "url": "https://www.computerworld.com/article/3706809/alphabet-layoffs-company-trades-recruitment-team-for-tech-talent.html", "urlToImage": "https://images.idgesg.net/images/article/2022/06/laid-off-worker-layoff-resignation-by-lee-charlie-via-shutterstock-100928642-large.jpg?auto=webp&quality=85,70", "publishedAt": "2023-09-14T08:09:00Z", "content": "Google-parent Alphabet late on Wednesday let go of hundreds of employees from its recruiting team in continuation of its efforts to operate more efficiently as macroeconomic uncertainty looms.\r\nThe c\u2026 [+2955 chars]"}, {"source": {"id": null, "name": "Forbes"}, "author": "Dr Byron Cole, Contributor, \n Dr Byron Cole, Contributor\n https://www.forbes.com/sites/byroncole/", "title": "Meet The Boss: Dr \u2018Tayo Adeyemi Adiatu\u2019s Influence On Energy, Aviation And Real Estate", "description": "There\u2019s an undeniable relationship between exceptional service and business profitability. The quality of service a company delivers determines its customer\u2019s experience.", "url": "https://www.forbes.com/sites/byroncole/2023/09/26/meet-the-boss-dr-tayo-adeyemi-adiatus-influence-on-energy-aviation-and-real-estate/", "urlToImage": "https://imageio.forbes.com/specials-images/imageserve/65119cfaaf6e4c208c4acec9/0x0.jpg?format=jpg&width=1200", "publishedAt": "2023-09-26T12:15:14Z", "content": "Dr Tayo Adeyemi Adiatu is a leader, entrepreneur and businessman with over 15 years experience in the oil and gas, real estate, construction and medical diagnostic sectors.\r\nDr Adiatus commitment to \u2026 [+10421 chars]"}, {"source": {"id": null, "name": "AllAfrica - Top Africa News"}, "author": null, "title": "Ghana: UBA Records Strong Growth in Revenue ....Profit Before Tax Jumps to $829.7 Million", "description": "[Ghanaian Times] United Bank for Africa (UBA) Plc, Africa's Global Bank, in spite of the difficult macroeconomic challenges in the region delivered strong performance for the first half of 2023.", "url": "https://allafrica.com/stories/202309230021.html", "urlToImage": "https://cdn08.allafrica.com/static/images/structure/aa-logo-rgba-no-text-square.png", "publishedAt": "2023-09-23T10:21:51Z", "content": "United Bank for Africa (UBA) Plc, Africa's Global Bank, in spite of the difficult macroeconomic challenges in the region delivered strong performance for the first half of 2023.\r\nThe results released\u2026 [+1886 chars]"}, {"source": {"id": "politico", "name": "Politico"}, "author": "Sam Sutton", "title": "Bernstein: Strong economy is emboldening workers to get \"fair slice\"", "description": "Key takeaways from POLITICO's \"Building the New American Economy\" live event.", "url": "https://www.politico.com/news/2023/09/20/bernstein-new-american-economy-politico-00116906", "urlToImage": "https://static.politico.com/f9/f7/35cd356d4d1fa4c0195c1757224f/https-delivery-gettyimages.com/downloads/1678635661", "publishedAt": "2023-09-20T14:49:12Z", "content": "Biden and top administration officials have spent months making the case that the labor markets strength amid easing inflation is proof that Bidenomics is working. Even though unemployment is close t\u2026 [+4604 chars]"}, {"source": {"id": null, "name": "Mckinsey.com"}, "author": null, "title": "Medtech Pulse: Thriving in the next decade", "description": "Medtech leaders are devising strategies to catch the next wave of value creation amid uncertain macroeconomics and evolving industry trends.", "url": "https://www.mckinsey.com/industries/life-sciences/our-insights/medtech-pulse-thriving-in-the-next-decade", "urlToImage": "https://www.mckinsey.com/~/media/mckinsey/industries/life%20sciences/our%20insights/medtech%20pulse%20thriving%20in%20the%20next%20decade/medtech-pulse-1536x1536-v1.jpg", "publishedAt": "2023-09-15T00:00:00Z", "content": "The medtech industry has saved millions of lives and improved quality of life for millions more around the world. Medtech companies have a long history of patient-centered innovation and remain commi\u2026 [+7262 chars]"}, {"source": {"id": null, "name": "Barron's"}, "author": "Jack Denton", "title": "Bitcoin Falls, Nearing a Key Level for the Crypto", "description": "In the absence of crypto-native catalysts, traders are likely to focus on the same macroeconomic data releases this week that will move the stock market.", "url": "https://www.barrons.com/articles/bitcoin-ethereum-price-crypto-markets-today-47f44d33", "urlToImage": "https://images.barrons.com/im-844022/social", "publishedAt": "2023-09-25T12:56:00Z", "content": "Bitcoin\r\n and other cryptocurrencies dropped Monday, nearing key price levels, amid a wider slump in risk-sensitive assets as a number of macroeconomic catalysts loom for cryptos in the coming days.T\u2026 [+1983 chars]"}, {"source": {"id": null, "name": "Econbrowser.com"}, "author": "Menzie Chinn", "title": "Business Cycle Indicators as of Mid-September", "description": "Industrial production suprised on the upside on Friday, 0.4% vs. 0.1% Bloomberg consensus. Here\u2019s the picture of key indicators followed by the NBER BCDC, plus monthly GDP. Figure 1: Nonfarm payroll employment, NFP incorporating preliminary benchmark (dark bl\u2026", "url": "https://econbrowser.com/archives/2023/09/business-cycle-indicators-as-of-mid-september-2", "urlToImage": null, "publishedAt": "2023-09-19T02:55:07Z", "content": "Industrial production suprised on the upside on Friday, 0.4% vs. 0.1% Bloomberg consensus. Here\u2019s the picture of key indicators followed by the NBER BCDC, plus monthly GDP.\r\nFigure 1: Nonfarm payroll\u2026 [+762 chars]"}, {"source": {"id": null, "name": "Thedailyupside.com"}, "author": "newsfeedback@fool.com (Brian Boyle from The Daily Upside)", "title": "US Companies are Loathing the Strong Dollar", "description": "A strong dollar is great if you\u2019re traveling abroad, but not so fun for American corporations trying to sell stuff to foreigners. The dollar\u2019s ascent to an eight-month high ate into the quarterly sales and profits of S&P 500 companies...", "url": "https://www.thedailyupside.com/economics/indicators/us-companies-are-loathing-the-strong-dollar/", "urlToImage": "https://www.thedailyupside.com/wp-content/uploads/2023/09/1_rates_09-15-23_chabe01-1200x800.png", "publishedAt": "2023-09-14T23:00:11Z", "content": "A strong dollar is great if youre traveling abroad, but not so fun for American corporations trying to sell stuff to foreigners.\r\nThe dollars ascent to an eight-month high ate into the quarterly sale\u2026 [+2819 chars]"}, {"source": {"id": null, "name": "Infosecurity Magazine"}, "author": "Phil Muncaster", "title": "Half of CISOs Now Report to CEO as Influence Grows", "description": "Trend is more pronounced in Europe than America", "url": "https://www.infosecurity-magazine.com/news/half-cisos-report-ceo-influence/", "urlToImage": "https://assets.infosecurity-magazine.com/webpage/og/ac173843-df0b-4dba-9f3e-8931a68c5efe.png", "publishedAt": "2023-10-10T12:00:00Z", "content": "Nearly half (47%) of global CISOs now report to their CEO, and the vast majority (78%) are backed by a board-level cybersecurity committee, signalling the growing influence of cyber risk management i\u2026 [+2269 chars]"}, {"source": {"id": null, "name": "Forbes"}, "author": "Luke Andriuk, Forbes Councils Member, \n Luke Andriuk, Forbes Councils Member\n https://www.forbes.com/sites/forbesfinancecouncil/people/lukeandriuk/", "title": "2023: Expectation Versus Reality For Investors", "description": "As of today, to channel Mark Twain, reports of the economy\u2019s death were exaggerations.", "url": "https://www.forbes.com/sites/forbesfinancecouncil/2023/09/20/2023-expectation-versus-reality-for-investors/", "urlToImage": "https://imageio.forbes.com/specials-images/imageserve/6509be3abec06cca8a935f67/0x0.jpg?format=jpg&width=1200", "publishedAt": "2023-09-20T11:00:00Z", "content": "Luke Andriuk, CFA\u00ae is Director of Investments at Saugatuck Financial and leads the firm's Investment Committee.\r\ngetty\r\nIts 2023, and travel is hot. I suppose the conclusion of a global pandemic that\u2026 [+5775 chars]"}, {"source": {"id": null, "name": "Forbes"}, "author": "Mickey Koss, Contributor, \n Mickey Koss, Contributor\n https://www.forbes.com/sites/mikalkoss/", "title": "Conditions Coalescing Around Billionaire Michael Saylor\u2019s $5M Bitcoin Call", "description": "\u201c[Bitcoin\u2019s] going to grind up to replace gold\u2026 but there are three things that cause a massive acceleration...  they take us to $5 million a coin,\u201d Michael Saylor said in a 2021 interview.", "url": "https://www.forbes.com/sites/digital-assets/2023/09/18/conditions-coalescing-around-billionaire-michael-saylors-5m-bitcoin-call/", "urlToImage": "https://imageio.forbes.com/specials-images/imageserve/64fdc2b019cd5bc86c73b636/0x0.jpg?format=jpg&width=1200", "publishedAt": "2023-09-18T17:55:20Z", "content": "MIAMI BEACH, FLORIDA - MAY 19: Michael Saylor and Bill Miller IV speak on stage during Bitcoin ... [+] Conference 2023 at Miami Beach Convention Center on May 19, 2023 in Miami Beach, Florida. (Photo\u2026 [+6064 chars]"}, {"source": {"id": null, "name": "Forbes"}, "author": "SAP Guest, SAP, \n SAP Guest, SAP\n https://www.forbes.com/sites/sap/people/sapguest/", "title": "Treasury Priorities Reshape Business Growth For 2024 And Beyond", "description": "Five emerging trends in corporate treasury management signal big shifts businesses must consider to safeguard financial stability while driving growth in 2024 and beyond.", "url": "https://www.forbes.com/sites/sap/2023/10/05/treasury-priorities-reshape-business-growth-for-2024-and-beyond/", "urlToImage": "https://imageio.forbes.com/specials-images/imageserve/651eb21fc049b5460490bca8/0x0.jpg?format=jpg&width=1200", "publishedAt": "2023-10-05T13:01:13Z", "content": "By Ido Shamgar, Senior Director of Cloud ERP Product Marketing, SAP\r\nCorporate treasurers may traditionally focus on short-term financial and monetary tools, such as cash flow, liquidity, funding, an\u2026 [+6104 chars]"}, {"source": {"id": null, "name": "Neowin"}, "author": "Omer Dursun", "title": "Privacy-focused Brave cuts 9 percent of its workforce amid tough economic climate", "description": "Brave Software, best known for its Brave browser, laid off 9% of its workforce in an effort to manage costs amid difficult economic conditions. The job cuts affected departments across the company. Read more...", "url": "https://www.neowin.net/news/privacy-focused-brave-cuts-9-percent-of-its-workforce-amid-tough-economic-climate/", "urlToImage": "https://cdn.neowin.com/news/images/uploaded/2020/02/1581967949_brave_browser_story.jpg", "publishedAt": "2023-10-07T08:44:01Z", "content": "Over the past few months, several large companies, including Microsoft and Embracer Group, have laid off employees for economic reasons. The latest to join the trend is Brave Software. The search eng\u2026 [+1837 chars]"}, {"source": {"id": null, "name": "Forbes"}, "author": "Tim Conn, Forbes Councils Member, \n Tim Conn, Forbes Councils Member\n https://www.forbes.com/sites/forbesbusinessdevelopmentcouncil/people/timconn/", "title": "Navigating A Franchise Through Uncertain Economic Times", "description": "These three strategies can help franchises become even more recession-resistant.", "url": "https://www.forbes.com/sites/forbesbusinessdevelopmentcouncil/2023/09/14/navigating-a-franchise-through-uncertain-economic-times/", "urlToImage": "https://imageio.forbes.com/specials-images/imageserve/65021022ba2272da109fe77b/0x0.jpg?format=jpg&width=1200", "publishedAt": "2023-09-14T11:45:00Z", "content": "President and cofounder of national commercial cleaning franchise Image One USA. Learn more at ImageOneUSA.com.\r\ngetty\r\nFranchise businesses are not immune to the challenges presented by uncertain or\u2026 [+4707 chars]"}, {"source": {"id": null, "name": "Forbes"}, "author": "Steve Larsen, Contributor, \n Steve Larsen, Contributor\n https://www.forbes.com/sites/stevelarsen/", "title": "FSB And IMF Caution Against Blanket Crypto Bans In Collaborative Report", "description": "Last week, the International Monetary Fund and the Financial Stability Board published a joint report advising against implementing blanket bans on crypto-asset activi...", "url": "https://www.forbes.com/sites/digital-assets/2023/09/12/fsb-and-imf-caution-against-blanket-crypto-bans-in-collaborative-report/", "urlToImage": "https://imageio.forbes.com/specials-images/imageserve/6500cd973fda3bed985e700d/0x0.jpg?format=jpg&width=1200", "publishedAt": "2023-09-12T20:48:42Z", "content": "FSB And IMF Caution Against Blanket Crypto Bans.\r\ngetty\r\nLast week, the International Monetary Fund and the Financial Stability Board published a joint report advising against implementing blanket ba\u2026 [+4660 chars]"}, {"source": {"id": null, "name": "Forbes"}, "author": "Derek Saul, Forbes Staff, \n Derek Saul, Forbes Staff\n https://www.forbes.com/sites/dereksaul/", "title": "S&P 500 Hits 3-Month Low As Interest Rate Fears Roil Markets\u2014Apple At 4-Month Low", "description": "September is set to be the S&P 500 and Nasdaq\u2019s worst months of 2023.", "url": "https://www.forbes.com/sites/dereksaul/2023/09/26/sp-500-hits-3-month-low-as-interest-rate-fears-roil-markets-apple-at-4-month-low/", "urlToImage": "https://imageio.forbes.com/specials-images/imageserve/65130862aded785f19fc33f0/0x0.jpg?format=jpg&crop=2849,1601,x0,y0,safe&width=1200", "publishedAt": "2023-09-26T16:38:37Z", "content": "Stocks staggered Tuesday to their weakest levels in months thanks to investor worries about the lingering impact of higher interest rates on equities.\r\nHow to navigate the current macro are leaving i\u2026 [+2549 chars]"}, {"source": {"id": null, "name": "Forbes"}, "author": "Derek Saul, Forbes Staff, \n Derek Saul, Forbes Staff\n https://www.forbes.com/sites/dereksaul/", "title": "Dow Sinks 400 Points: Stocks\u2019 Worst Day Since March As Interest Rate Fears Roil Markets", "description": "Bluechip stock Apple slipped to its lowest level in four months Tuesday.", "url": "https://www.forbes.com/sites/dereksaul/2023/09/26/dow-sinks-400-points-stocks-worst-day-since-march-as-interest-rate-fears-roil-markets/", "urlToImage": "https://imageio.forbes.com/specials-images/imageserve/65132b5dc4f72a7bd771e9b7/0x0.jpg?format=jpg&crop=1753,986,x0,y0,safe&width=1200", "publishedAt": "2023-09-26T19:05:56Z", "content": "Stocks staggered Tuesday to their weakest levels in months thanks to investor worries about the lingering impact of higher interest rates on equities.\r\nTraders were seeing red Tuesday.\r\nGetty Images\r\u2026 [+2583 chars]"}, {"source": {"id": null, "name": "Forbes"}, "author": "Derek Saul, Forbes Staff, \n Derek Saul, Forbes Staff\n https://www.forbes.com/sites/dereksaul/", "title": "Here\u2019s Why Largest U.S. Utility Stock Just Tanked To A 3.5-Year Low As Sector Flails", "description": "Rising interest rates keep battering utilities as higher bond yields make dividend payouts less attractive to investors.", "url": "https://www.forbes.com/sites/dereksaul/2023/10/03/heres-why-largest-us-utility-stock-just-tanked-to-a-35-year-low-as-sector-flails/", "urlToImage": "https://imageio.forbes.com/specials-images/imageserve/651c1886573bcaa0e43f71a3/0x0.jpg?format=jpg&crop=2975,1672,x0,y0,safe&width=1200", "publishedAt": "2023-10-03T13:37:30Z", "content": "Utility stocks keep spiraling, headlined by a more than 20% one-week share price drop from the most valuable firm by market capitalization, and the sector largely has one factor to thank: Rising inte\u2026 [+2548 chars]"}, {"source": {"id": null, "name": "CoinDesk"}, "author": "Will Canny", "title": "Bitcoin Is Fundamentally Different From Other Cryptocurrencies: Fidelity Digital Assets", "description": "The crypto\u2019s first technological breakthrough was not as a superior payment method but as a superior form of money, the report said.", "url": "https://www.coindesk.com/markets/2023/10/11/bitcoin-is-fundamentally-different-from-other-cryptocurrencies-fidelity-digital-assets/", "urlToImage": "https://www.coindesk.com/resizer/-9oy6fH-Pr67mkQbJHAto-EsrGA=/1200x628/center/middle/cloudfront-us-east-1.images.arcpublishing.com/coindesk/PPU7LEM4SRASHJZPHN3DNYMYMQ.jpg", "publishedAt": "2023-10-11T10:35:29Z", "content": "Bitcoin (BTC) is a monetary good and an attractive store of value in a progressively digital world, Fidelity Digital Assets, a unit of financial services giant Fidelity investments, said last week.\r\n\u2026 [+1458 chars]"}, {"source": {"id": null, "name": "Deadline"}, "author": "Max Goldbart", "title": "Warner Bros. Discovery Global Boss Gerhard Zeiler Sets New Leadership Team Following Spate Of Exits", "description": "Warner Bros. Discovery international boss Gerhard Zeiler has set a new leadership structure for his team following a spate of exits in the past few weeks. Zeiler sent an all-staff email out this morning in which he laid out how the team will work now that EME\u2026", "url": "https://deadline.com/2023/10/warner-bros-discovery-global-boss-gerhard-zeiler-sets-leadership-team-1235564676/", "urlToImage": "https://deadline.com/wp-content/uploads/2022/09/RTS-London_Gerhard-Zeiler-e1664278273746.jpg?w=1024", "publishedAt": "2023-10-05T08:02:13Z", "content": "Warner Bros. Discovery international boss Gerhard Zeiler has set a new leadership structure for his team following a spate of exits in the past few weeks. \r\nZeiler sent an all-staff email out this mo\u2026 [+3569 chars]"}, {"source": {"id": null, "name": "Quartz India"}, "author": "Morgan Haefner", "title": " Autoworkers roll out", "description": "Good morning, Quartz readers!Read more...", "url": "https://qz.com/emails/daily-brief/1850841672/autoworkers-roll-out", "urlToImage": "https://i.kinja-img.com/gawker-media/image/upload/c_fill,f_auto,fl_progressive,g_center,h_675,pg_1,q_80,w_1200/160525269a3b2c0966764cbd0f8a3159.jpg", "publishedAt": "2023-09-15T09:55:00Z", "content": "Good morning, Quartz readers!\r\nHeres what you need to know\r\nUS autoworkers went on strike... Americas Big Three carmakersGM, Ford, and Stellantisare facing an unprecedented walkout.\r\n...while Hollywo\u2026 [+4300 chars]"}, {"source": {"id": null, "name": "Forbes"}, "author": "Expert Panel\u00ae, Forbes Councils Member, \n Expert Panel\u00ae, Forbes Councils Member\n https://www.forbes.com/sites/forbesfinancecouncil/people/expertpanel/", "title": "19 Strategies For Leaders To Maximize Returns In An Uncertain Economy", "description": "Conducting thorough market research and analyzing data-driven insights can help you identify emerging trends to stay ahead of the competition", "url": "https://www.forbes.com/sites/forbesfinancecouncil/2023/09/22/19-strategies-for-leaders-to-maximize-returns-in-an-uncertain-economy/", "urlToImage": "https://imageio.forbes.com/specials-images/imageserve/64d24d61ad57307c8265f247/0x0.jpg?format=jpg&width=1200", "publishedAt": "2023-09-22T17:15:02Z", "content": "getty\r\nEvery day, leaders face the daunting challenge of making sound investment decisions amidst uncertainty. The global economy is subject to a myriad of factorsfrom geopolitical tensions to unfore\u2026 [+9010 chars]"}, {"source": {"id": null, "name": "Adevarul.ro"}, "author": "Afrodita Cicovschi", "title": "Pre\u021bul petrolului pune b\u0103ncile centrale \u00een dificultate, cu efect pe dob\u00e2nzi", "description": "Pre\u021bul petrolului pune b\u0103ncile centrale \u00een dificultate, cu efect pe dob\u00e2nzi, consider\u0103 Claudiu Cazacu, analist al XTB Rom\u00e2nia, preciz\u00e2nd c\u0103 aceasta ar complica semnificativ tabloul macroeconomic.", "url": "https://adevarul.ro/economie/pretul-petrolului-pune-bancile-centrale-in-2301316.html", "urlToImage": "https://cdn.adh.reperio.news/image-f/f13f6287-a0e6-4546-a514-f9ab3a71cc75/index.jpeg?p=f%3Djpeg%26w%3D1200%26h%3D630%26r%3Dcover", "publishedAt": "2023-09-19T11:33:20Z", "content": "Preul petrolului pune bncile centrale \u00een dificultate, cu efect pe dob\u00e2nzi, consider Claudiu Cazacu, analist al XTB Rom\u00e2nia, preciz\u00e2nd c aceasta ar complica semnificativ tabloul macroeconomic.\r\n\u00cen tim\u2026 [+6554 chars]"}, {"source": {"id": null, "name": "BetaNews"}, "author": "Ian Barker", "title": "No more AI please, the infrastructure won't cope", "description": "While there's continuing buzz surrounding the use of AI, only 50 percent of IT leaders in a new survey say their company's current infrastructure is equipped to handle greater use of it. The research from observability platform for hybrid IT infrastructures, \u2026", "url": "https://betanews.com/2023/09/15/no-more-ai-please-the-infrastructure-wont-cope/", "urlToImage": "https://betanews.com/wp-content/uploads/2018/01/Stop-hand-signal-50x50.jpg", "publishedAt": "2023-09-15T10:49:41Z", "content": "While there's continuing buzz surrounding the use of AI, only 50 percent of IT leaders in a new survey say their company's current infrastructure is equipped to handle greater use of it.\r\nThe researc\u2026 [+1552 chars]"}, {"source": {"id": null, "name": "Econbrowser.com"}, "author": "Menzie Chinn", "title": "Business Cycle Indicators at October\u2019s Start", "description": "With monthly GDP reported today, we have the following picture of the economy. Figure 1: Nonfarm Payroll employment incorporating preliminary benchmark (dark blue), implied September NFP incorporating Bloomberg 10/2 consensus (blue +), civilian employment (or\u2026", "url": "https://econbrowser.com/archives/2023/10/business-cycle-indicators-at-octobers-start-2", "urlToImage": null, "publishedAt": "2023-10-03T02:37:22Z", "content": "With monthly GDP reported today, we have the following picture of the economy.\r\nFigure 1: Nonfarm Payroll employment incorporating preliminary benchmark (dark blue), implied September NFP incorporati\u2026 [+1246 chars]"}, {"source": {"id": "the-times-of-india", "name": "The Times of India"}, "author": "ET CONTRIBUTORS", "title": "IGB inclusion in JPMorgan Index to enhance FPI participation in markets", "description": "However, since 2013 - when the idea of index inclusion was first floated - the Indian authorities have made steady progress in facilitating foreign investment into IGBs. The announcement of IGBs inclusion in JP Morgan's GBI-EM Global Diversified (GBI-EM-GD) I\u2026", "url": "https://economictimes.indiatimes.com/markets/stocks/news/igb-inclusion-in-jpmorgan-index-to-enhance-fpi-participation-in-markets/articleshow/104029373.cms", "urlToImage": "https://img.etimg.com/thumb/msid-104029391,width-1200,height-630,imgsize-36794,overlay-etmarkets/photo.jpg", "publishedAt": "2023-09-29T00:31:17Z", "content": "For the first time ever, Indian Government Bonds (IGBs) will be included in a global emerging markets bond index starting June 2024. Although such indices have been around for a long time, IGBs were \u2026 [+3711 chars]"}, {"source": {"id": null, "name": "CoinDesk"}, "author": "Omkar Godbole", "title": "Bitcoin's Implied Volatility Gauge Tops Ether for Record 20 Straight Days", "description": "The spread between dominant crypto options exchange Deribit's forward-looking 30-day implied volatility index for ether (ETH DVOL) and bitcoin (BTC DVOL) has been consistently negative since Sept. 7.", "url": "https://www.coindesk.com/markets/2023/09/27/bitcoins-implied-volatility-gauge-tops-ether-for-record-20-straight-days/", "urlToImage": "https://www.coindesk.com/resizer/4mLHkJv_arda2zf3oUVZPzIRk0g=/1200x628/center/middle/cloudfront-us-east-1.images.arcpublishing.com/coindesk/4T3JNDO57ZFKBDKA4SZGLYHD3U.png", "publishedAt": "2023-09-27T08:13:31Z", "content": "Bitcoin (BTC) remains the world's biggest and most liquid digital asset. Still, crypto traders are increasingly pricing higher volatility in bitcoin relative to ether (ETH), the second-largest crypto\u2026 [+1869 chars]"}, {"source": {"id": null, "name": "Forbes"}, "author": "Derek Saul, Forbes Staff, \n Derek Saul, Forbes Staff\n https://www.forbes.com/sites/dereksaul/", "title": "Energy Stocks Sink To 3-Month Low As Oil Crashes 5%\u2014But Rare Sign Of Hope For Gas Prices", "description": "Most of the S&P 500\u2019s biggest losers Wednesday were energy stocks as the industry grappled with a \u201cdestruction\u201d in fuel demand.", "url": "https://www.forbes.com/sites/dereksaul/2023/10/04/energy-stocks-sink-to-3-month-low-as-oil-crashes-5-but-rare-sign-of-hope-for-gas-prices/", "urlToImage": "https://imageio.forbes.com/specials-images/imageserve/651dc25ab4542f81faf9176e/0x0.jpg?format=jpg&crop=1454,818,x0,y24,safe&width=1200", "publishedAt": "2023-10-04T20:01:09Z", "content": "Energy stocks and crude oil prices alike collapsed Wednesday as investors digested new concerns about falling demand amid an increasingly shaky macroeconomic environment, though the slide came with a\u2026 [+2196 chars]"}, {"source": {"id": "fortune", "name": "Fortune"}, "author": "Will Daniel", "title": "Deutsche Bank studied 34 past U.S. recessions to identify key warning signs and found that all 4 are flashing red right now", "description": "Based on a study of the U.S. economy since 1854, Deutsche Bank created 'hit ratios' that show how often key macroeconomic triggers have caused recessions.", "url": "https://fortune.com/2023/09/28/deutsche-bank-recession-signals-from-history-flashing-red/", "urlToImage": "https://content.fortune.com/wp-content/uploads/2023/09/GettyImages-1702835216-e1695908887286.jpg?resize=1200,600", "publishedAt": "2023-09-28T18:00:10Z", "content": "Predicting recessions is hard. There are simply too many incalculable, volatile variablesas weve seen with the war in Ukraine and COVID-19that can throw a wrench in even the most well-respected of ec\u2026 [+4522 chars]"}, {"source": {"id": null, "name": "Digiday"}, "author": "Mutinex", "title": "How Australia\u2019s Asahi Beverages is refining media investment strategies", "description": "In the world of consumer packaged goods, the role of marketing is considered alongside many other factors, including price and distribution. Even the weather influences consumer decisions. For brands, however, this complexity makes it difficult to prove the i\u2026", "url": "http://digiday.com/sponsored/how-australias-asahi-beverages-is-refining-media-investment-strategies/", "urlToImage": "https://digiday.com/wp-content/uploads/sites/3/2023/09/Digiday_Banner1200x678-1.png", "publishedAt": "2023-09-13T14:24:11Z", "content": "In the world of consumer packaged goods, the role of marketing is considered alongside many other factors, including price and distribution. Even the weather influences consumer decisions. For brands\u2026 [+3429 chars]"}, {"source": {"id": null, "name": "Phys.Org"}, "author": "Science X", "title": "Growth of large operators threatens existence of grassroots coworking spaces, study warns", "description": "The growing number of large operators and developers opening coworking premises threatens to end the availability of grassroots community-oriented spaces designed to bring isolated workers together, a new study warns.", "url": "https://phys.org/news/2023-09-growth-large-threatens-grassroots-coworking.html", "urlToImage": "https://scx2.b-cdn.net/gfx/news/hires/2022/coworking-space.jpg", "publishedAt": "2023-09-14T18:54:14Z", "content": "The growing number of large operators and developers opening coworking premises threatens to end the availability of grassroots community-oriented spaces designed to bring isolated workers together, \u2026 [+5263 chars]"}, {"source": {"id": null, "name": "Forbes"}, "author": "Gary Drenik, Contributor, \n Gary Drenik, Contributor\n https://www.forbes.com/sites/garydrenik/", "title": "SMBs Are Set To Tackle Challenges With The Help Of AI-Driven Innovations", "description": "The state of our economy presents challenges for both businesses and consumers, and many small businesses are looking for ways to drive more operational efficiencies.", "url": "https://www.forbes.com/sites/garydrenik/2023/10/06/smbs-are-set-to-tackle-challenges-with-the-help-of-ai-driven-innovations/", "urlToImage": "https://imageio.forbes.com/specials-images/imageserve/651c5199abc84b329b315541/0x0.jpg?format=jpg&width=1200", "publishedAt": "2023-10-06T14:00:00Z", "content": "Small Business\r\nAdobeStock_80612607\r\nThe state of our economy presents a lot of challenges for both businesses and consumers, and many small businesses are looking for ways to drive more operational \u2026 [+8191 chars]"}, {"source": {"id": null, "name": "Moneycontrol"}, "author": "Reuters", "title": "Oil prices stable as market awaits data on inventories, economy", "description": "The international benchmark Brent contract dipped 6 cents to $90.58 a barrel at 0003 GMT, while U.S. West Texas Intermediate crude futures edged 2 cents lower to $87.27.", "url": "https://www.moneycontrol.com/news/business/markets/oil-prices-stable-as-market-awaits-data-on-inventories-economy-11351121.html", "urlToImage": "https://images.moneycontrol.com/static-mcnews/2023/08/Oil-and-Gas-770x431.jpg", "publishedAt": "2023-09-12T00:59:03Z", "content": "Brent crude futures hovered just above $90 a barrel on Tuesday, as investors awaited a slew of macroeconomic data due later this week that could indicate whether Europe and the U.S. continue to hike \u2026 [+1399 chars]"}, {"source": {"id": null, "name": "[Removed]"}, "author": null, "title": "[Removed]", "description": "[Removed]", "url": "https://removed.com", "urlToImage": null, "publishedAt": "1970-01-01T00:00:00Z", "content": "[Removed]"}, {"source": {"id": null, "name": "Digitimes"}, "author": "DIGITIMES", "title": "Taiwan foundry revenues expected to fall in 2023, but make recovery in 2024, says DIGITIMES Research", "description": "Taiwan's wafer foundry industry is set to generate a total of only US$77.9 billion in revenue in 2023, falling 13% from a year ago, with the decline having been adjusted bigger by close to 10pp from the previous forecast. Going into 2024, the Taiwan foundry i\u2026", "url": "https://www.digitimes.com/news/a20231005VL203/digitimes-research-2024-ic-manufacturing-recovery.html", "urlToImage": "https://img.digitimes.com/newsshow/20231005vl203_files/1_2b.jpg", "publishedAt": "2023-10-06T03:27:43Z", "content": "Taiwan's wafer foundry industry is set to generate a total of only US$77.9 billion in revenue in 2023, falling 13% from a year ago, with the decline having been adjusted bigger by close to 10pp from \u2026 [+1820 chars]"}]}